wupin	ipa
a	ɑ
a1	ɑ44
a3	ɑ51
a44	ɑ44
aeh	aʔ
aeq	aʔ
aeq43	aʔ43
aeq4[23]40	aʔ23
aeq7	aʔ43
aeq[52]1	aʔ52
ah	ɑʔ
an	ã
an1	ã44
an3	ã51
an44	ã44
an5	ã523
aon	ɑ̃
aon1	ɑ̃44
aon3	ɑ̃51
aon5	ɑ̃523
aq	ɑʔ
aq7	ɑʔ43
au	æ
au1	æ44
au23	æ23
au3	æ51
au5	æ523
au5[51]	æ51
ba	bɑ
ba2	bɑ223
ba23	bɑ23
ba230	bɑ23
ba2[51]0	bɑ51
ba40	bɑ4
ba4[23]0	bɑ23
ba6	bɑ231
ba[52]3	bɑ52
baeq	baʔ
baeq23	baʔ23
baeq230	baʔ23
baeq8	baʔ23
bah	bɑʔ
ban	bã
ban2	bã223
ban223	bã223
ban23	bã23
ban231	bã231
ban40	bã4
ban440	bã44
ban6	bã231
ban[52]1	bã52
ban[52]30	bã52
baon	bɑ̃
baon2	bɑ̃223
baon231	bɑ̃231
baon40	bɑ̃4
baon4[23]0	bɑ̃23
baon6	bɑ̃231
baon[52]30	bɑ̃52
baq	bɑʔ
baq23	bɑʔ23
baq40	bɑʔ4
baq4[23]40	bɑʔ23
baq8	bɑʔ23
bau	bæ
bau2	bæ223
bau40	bæ4
bau6	bæ231
be	bᴇ
be2	bᴇ223
be223	bᴇ223
be23	bᴇ23
be230	bᴇ23
be231	bᴇ231
be40	bᴇ4
be440	bᴇ44
be6	bᴇ231
beh	bəʔ
ben	bən
ben2	bən223
ben223	bən223
ben23	bən23
ben6	bən231
beq	bəʔ
beq23	bəʔ23
beq8	bəʔ23
beu2	bøʏ223
beu6	bøʏ231
bi	bi
bi2	bi223
bi23	bi23
bi230	bi23
bi231	bi231
bi40	bi4
bi440	bi44
bi6	bi231
bi[523]0	bi523
biau	biæ
biau2	biæ223
bie	biɪ
bie2	biɪ223
bie231	biɪ231
bie6	biɪ231
bin	bin
bin2	bin223
bin223	bin223
bin23	bin23
bin230	bin23
bin231	bin231
bin2[51]0	bin51
bin440	bin44
bin6	bin231
bin[52]30	bin52
biq	biəʔ
biq44	biəʔ44
biq8	biəʔ23
bo	bo
bo2	bo223
bo223	bo223
bo2[51]	bo51
bo440	bo44
bo6	bo231
boe	bø
boe1	bø44
boe2	bø223
boe223	bø223
boe23	bø23
boe231	bø231
boe3420	bø342
boe40	bø4
boe6	bø231
boe[52]3	bø52
bon	boŋ
bon2	boŋ223
bon223	boŋ223
bon4440	boŋ444
bon5	boŋ523
bon6	boŋ231
boq	boʔ
boq23	boʔ23
boq230	boʔ23
boq34	boʔ34
boq440	boʔ44
boq4440	boʔ444
boq8	boʔ23
boq[23]	boʔ23
bu	bu
bu2	bu223
bu223	bu223
bu23	bu23
bu230	bu23
bu231	bu231
bu2[51]0	bu51
bu40	bu4
bu4[23]	bu23
bu4[23]0	bu23
bu52	bu52
bu6	bu231
bu[52]3	bu52
caiq	?
chi	ʨʰi
chi1	ʨʰi44
chi23	ʨʰi23
chi230	ʨʰi23
chi2340	ʨʰi234
chi23440	ʨʰi2344
chi2[51]deu223	?
chi3	ʨʰi51
chi40	ʨʰi4
chi440	ʨʰi44
chi4440	ʨʰi444
chi44420	ʨʰi4442
chi4[23]40	ʨʰi23
chi5	ʨʰi523
chi[23]1	ʨʰi23
chi[52]1	ʨʰi52
chi[52]30	ʨʰi52
chi[52]340	ʨʰi52
chiaeq7	ʨʰiaʔ43
chian	ʨʰiã
chian1	ʨʰiã44
chian230	ʨʰiã23
chian3	ʨʰiã51
chian4[23]	ʨʰiã23
chiaon	ʨʰiɑ̃
chiaon1	ʨʰiɑ̃44
chiaq7	ʨʰiɑʔ43
chiau	ʨʰiæ
chiau1	ʨʰiæ44
chiau3	ʨʰiæ51
chiau40	ʨʰiæ4
chiau5	ʨʰiæ523
chiau5[523]	ʨʰiæ523
chiau[52]3	ʨʰiæ52
chie	ʨʰiɪ
chie1	ʨʰiɪ44
chie3	ʨʰiɪ51
chie340	ʨʰiɪ34
chie3420	ʨʰiɪ342
chie4420	ʨʰiɪ442
chie44220	ʨʰiɪ4422
chie4440	ʨʰiɪ444
chie4[23]0	ʨʰiɪ23
chie4[23]40	ʨʰiɪ23
chie5	ʨʰiɪ523
chie51	ʨʰiɪ51
chie523	ʨʰiɪ523
chie5[523]	ʨʰiɪ523
chie[52]340	ʨʰiɪ52
chieu	ʨʰiʏ
chieu1	ʨʰiʏ44
chieu3	ʨʰiʏ51
chih	ʨʰiəʔ
chin	ʨʰin
chin1	ʨʰin44
chin3	ʨʰin51
chin5	ʨʰin523
chioe	ʨʰiø
chioe1	ʨʰiø44
chioe23	ʨʰiø23
chioe3	ʨʰiø51
chioe44	ʨʰiø44
chioe5	ʨʰiø523
chioe5[523]	ʨʰiø523
chioh	ʨʰioʔ
chion1	ʨʰioŋ44
chioq	ʨʰioʔ
chioq7	ʨʰioʔ43
chioq[23]110	ʨʰioʔ23
chiq	ʨʰiəʔ
chiq7	ʨʰiəʔ43
chiq[23]	ʨʰiəʔ23
chiq[43]	ʨʰiəʔ43
chiq[52]3	ʨʰiəʔ52
chiu	ʨʰy
chiu1	ʨʰy44
chiu3	ʨʰy51
chiu5	ʨʰy523
chiueh	ʨʰyəʔ
chiuq	ʨʰyəʔ
chiuq7	ʨʰyəʔ43
ci	ʨi
ci1	ʨi44
ci23	ʨi23
ci230	ʨi23
ci2[51]0	ʨi51
ci3	ʨi51
ci40	ʨi4
ci44	ʨi44
ci5	ʨi523
ci523	ʨi523
ci[52]1	ʨi52
ci[52]3	ʨi52
ci[52]30	ʨi52
cia	ʨiɑ
cia1	ʨiɑ44
cia3	ʨiɑ51
cia5	ʨiɑ523
ciaeq	ʨiaʔ
ciaeq7	ʨiaʔ43
ciah	ʨiɑʔ
cian	ʨiã
cian1	ʨiã44
cian23	ʨiã23
cian44	ʨiã44
cian5	ʨiã523
cian[52]3	ʨiã52
ciaon1	ʨiɑ̃44
ciaon3	ʨiɑ̃51
ciaon5	ʨiɑ̃523
ciaq	ʨiɑʔ
ciaq23	ʨiɑʔ23
ciaq2340	ʨiɑʔ234
ciaq34	ʨiɑʔ34
ciaq40	ʨiɑʔ4
ciaq43	ʨiɑʔ43
ciaq44	ʨiɑʔ44
ciaq4440	ʨiɑʔ444
ciaq5[52]3	ʨiɑʔ52
ciaq7	ʨiɑʔ43
ciaq[43]	ʨiɑʔ43
ciaq[52]30	ʨiɑʔ52
ciau	ʨiæ
ciau1	ʨiæ44
ciau230	ʨiæ23
ciau3	ʨiæ51
ciau40	ʨiæ4
ciau44	ʨiæ44
ciau440	ʨiæ44
ciau5	ʨiæ523
ciau[23]110	ʨiæ23
ciau[52]30	ʨiæ52
cie	ʨiɪ
cie1	ʨiɪ44
cie23	ʨiɪ23
cie2[51]10	ʨiɪ51
cie3	ʨiɪ51
cie40	ʨiɪ4
cie44	ʨiɪ44
cie5	ʨiɪ523
cie[52]340	ʨiɪ52
cieo3	?
cieu	ʨiʏ
cieu1	ʨiʏ44
cieu3	ʨiʏ51
cieu5	ʨiʏ523
cih	ʨiəʔ
cin	ʨin
cin1	ʨin44
cin23	ʨin23
cin230	ʨin23
cin2340	ʨin234
cin2[51]	ʨin51
cin2[51]0	ʨin51
cin3	ʨin51
cin40	ʨin4
cin44	ʨin44
cin440	ʨin44
cin4[23]0	ʨin23
cin4[523]	ʨin523
cin5	ʨin523
cin523	ʨin523
cin5[52]3	ʨin52
cin[23]1	ʨin23
cin[52]3	ʨin52
cin[52]30	ʨin52
cin[52]340	ʨin52
cioe	ʨiø
cioe1	ʨiø44
cioe3	ʨiø51
cioe5	ʨiø523
cioe[52]3	ʨiø52
cioh	ʨioʔ
cion1	ʨioŋ44
cion3	ʨioŋ51
cion5	ʨioŋ523
cion523	ʨioŋ523
cioq	ʨioʔ
cioq40	ʨioʔ4
cioq7	ʨioʔ43
ciq	ʨiəʔ
ciq23	ʨiəʔ23
ciq2340	ʨiəʔ234
ciq40	ʨiəʔ4
ciq43	ʨiəʔ43
ciq440	ʨiəʔ44
ciq7	ʨiəʔ43
ciq8	ʨiəʔ23
ciq[43]	ʨiəʔ43
ciu	ʨy
ciu1	ʨy44
ciu23	ʨy23
ciu230	ʨy23
ciu231	ʨy231
ciu2[51]0	ʨy51
ciu3	ʨy51
ciu5	ʨy523
ciu[52]30	ʨy52
ciueh	ʨyəʔ
ciun	ʨyn
ciun1	ʨyn44
ciun3	ʨyn51
ciun5	ʨyn523
ciuq	ʨyəʔ
ciuq40	ʨyəʔ4
ciuq440	ʨyəʔ44
ciuq7	ʨyəʔ43
cn	cn
da	dɑ
da223	dɑ223
da230	dɑ23
da231	dɑ231
da340	dɑ34
da6	dɑ231
daeq	daʔ
daeq23	daʔ23
daeq44	daʔ44
daeq440	daʔ44
daeq8	daʔ23
daeq[52]3	daʔ52
daon	dɑ̃
daon2	dɑ̃223
daon23	dɑ̃23
daon230	dɑ̃23
daon231	dɑ̃231
daon2[51]	dɑ̃51
daon2[51]0	dɑ̃51
daon40	dɑ̃4
daon440	dɑ̃44
daon4[23]	dɑ̃23
daon4[23]0	dɑ̃23
daon6	dɑ̃231
daon[52]3	dɑ̃52
daq8	dɑʔ23
dau	dæ
dau2	dæ223
dau223	dæ223
dau23	dæ23
dau230	dæ23
dau231	dæ231
dau2[51]	dæ51
dau440	dæ44
dau4420	dæ442
dau4[23]0	dæ23
dau5[523]	dæ523
dau6	dæ231
dau[52]30	dæ52
de	dᴇ
de2	dᴇ223
de223	dᴇ223
de23	dᴇ23
de230	dᴇ23
de231	dᴇ231
de2[51]0	dᴇ51
de40	dᴇ4
de440	dᴇ44
de4[23]	dᴇ23
de4[23]0	dᴇ23
de4[523]	dᴇ523
de6	dᴇ231
de[23]1	dᴇ23
de[52]1	dᴇ52
de[52]3	dᴇ52
de[52]30	dᴇ52
den	dən
den2	dən223
den23	dən23
den4440	dən444
den6	dən231
deq	dəʔ
deq23	dəʔ23
deq8	dəʔ23
deq[23]	dəʔ23
deu	døʏ
deu2	døʏ223
deu223	døʏ223
deu223dou231	?
deu23	døʏ23
deu230	døʏ23
deu231	døʏ231
deu2340	døʏ234
deu2[51]	døʏ51
deu2[51]0	døʏ51
deu340	døʏ34
deu3420	døʏ342
deu40	døʏ4
deu440	døʏ44
deu4440	døʏ444
deu44440	døʏ4444
deu4[23]	døʏ23
deu4[23]0	døʏ23
deu5[523]	døʏ523
deu6	døʏ231
deu[23]1	døʏ23
deu[23]110	døʏ23
deu[523]440	døʏ523
deu[52]1	døʏ52
deu[52]3	døʏ52
deu[52]30	døʏ52
deu[52]340	døʏ52
di	di
di1	di44
di2	di223
di23	di23
di231	di231
di2340	di234
di40	di4
di6	di231
di[52]1	di52
diau	diæ
diau2	diæ223
diau223	diæ223
diau23	diæ23
diau230	diæ23
diau251	diæ251
diau440	diæ44
diau6	diæ231
diau[23]1	diæ23
die	diɪ
die2	diɪ223
die223	diɪ223
die23	diɪ23
die230	diɪ23
die2340	diɪ234
die40	diɪ4
die440	diɪ44
die6	diɪ231
die8	diɪ23
die[52]1	diɪ52
die[52]3	diɪ52
die[52]340	diɪ52
din	din
din2	din223
din231	din231
din40	din4
din6	din231
din[52]1	din52
diq	diəʔ
diq23	diəʔ23
diq2[51]0	diəʔ51
diq8	diəʔ23
doe	dø
doe2	dø223
doe23	dø23
doe230	dø23
doe231	dø231
doe2340	dø234
doe440	dø44
doe6	dø231
doe[23]10	dø23
doe[52]3	dø52
don	doŋ
don2	doŋ223
don223	doŋ223
don23	doŋ23
don230	doŋ23
don2[51]	doŋ51
don2[51]0	doŋ51
don340	doŋ34
don40	doŋ4
don4[23]	doŋ23
don4[51]	doŋ51
don5[51]	doŋ51
don6	doŋ231
don[52]30	doŋ52
doq	doʔ
doq340	doʔ34
doq8	doʔ23
dou	dəu
dou2	dəu223
dou23	dəu23
dou230	dəu23
dou231	dəu231
dou2340	dəu234
dou23440	dəu2344
dou2[51]	dəu51
dou40	dəu4
dou5[23]40	dəu23
dou6	dəu231
dou[23]1	dəu23
due	duᴇ
due23	duᴇ23
dzaon	dzɑ̃
e	ᴇ
e1	ᴇ44
e3	ᴇ51
e5	ᴇ523
en	ən
en1	ən44
eq	əʔ
eq7	əʔ43
er	əl
er1	əl44
er4[23]	əl23
er6	əl231
eu	øʏ
eu1	øʏ44
eu3	øʏ51
eu5	øʏ523
eu51	øʏ51
faeh	faʔ
faeq	faʔ
faeq23	faʔ23
faeq340	faʔ34
faeq40	faʔ4
faeq7	faʔ43
faeq[43]	faʔ43
faon	fɑ̃
faon1	fɑ̃44
faon23	fɑ̃23
faon3	fɑ̃51
faon4420	fɑ̃442
faon5	fɑ̃523
faon52	fɑ̃52
faon523	fɑ̃523
fe	fᴇ
fe1	fᴇ44
fe23	fᴇ23
fe3	fᴇ51
fe40	fᴇ4
fe440	fᴇ44
fe5	fᴇ523
fe523	fᴇ523
fe[52]1	fᴇ52
fen	fən
fen1	fən44
fen23	fən23
fen230	fən23
fen2[51]	fən51
fen3	fən51
fen40	fən4
fen44	fən44
fen4[23]0	fən23
fen4[51]	fən51
fen5	fən523
fen51	fən51
fen[52]3	fən52
feq	fəʔ
feq43	fəʔ43
feq7	fəʔ43
feu1	føʏ44
feu3	føʏ51
fhe5	fhᴇ523
fi	fi
fi1	fi44
fi3	fi51
fi5	fi523
fi523	fi523
fiau	fiæ
fiau5	fiæ523
foh	foʔ
fon	foŋ
fon1	foŋ44
fon23	foŋ23
fon230	foŋ23
fon3	foŋ51
fon40	foŋ4
fon44	foŋ44
fon440	foŋ44
foq	foʔ
foq34	foʔ34
foq4440	foʔ444
foq7	foʔ43
foq[52]3	foʔ52
fu	fu
fu1	fu44
fu23	fu23
fu3	fu51
fu40	fu4
fu440	fu44
fu4[23]	fu23
fu5	fu523
fu51	fu51
fu[52]3	fu52
ga	gɑ
ga2	gɑ223
ga23	gɑ23
ga231	gɑ231
ga40	gɑ4
ga6	gɑ231
gaeq	gaʔ
gaeq8	gaʔ23
gaeq[23]	gaʔ23
gan	gã
gaon	gɑ̃
gaon2	gɑ̃223
gaon231	gɑ̃231
gaon6	gɑ̃231
gau	gæ
ge	gᴇ
ge2	gᴇ223
ge231	gᴇ231
ge6	gᴇ231
gen	gən
gen5[51]0	gən51
gen6	gən231
geq	gəʔ
geq7	gəʔ43
geq8	gəʔ23
geq[52]10	gəʔ52
gha	ɦɑ
gha2	ɦɑ223
gha223	ɦɑ223
gha23	ɦɑ23
gha23420	ɦɑ2342
gha40	ɦɑ4
gha4[23]	ɦɑ23
gha[52]3	ɦɑ52
ghaeq	ɦaʔ
ghaeq23	ɦaʔ23
ghaeq8	ɦaʔ23
ghah23	ɦɑʔ23
ghan	ɦã
ghan2	ɦã223
ghan6	ɦã231
ghaon	ɦɑ̃
ghaon2	ɦɑ̃223
ghaon223	ɦɑ̃223
ghaon23	ɦɑ̃23
ghaon6	ɦɑ̃231
ghau	ɦæ
ghau2	ɦæ223
ghau2[523]	ɦæ523
ghau6	ɦæ231
ghe	ɦᴇ
ghe2	ɦᴇ223
ghe223	ɦᴇ223
ghe6	ɦᴇ231
ghen2	ɦən223
ghen231	ɦən231
ghen6	ɦən231
gheq	ɦəʔ
gheq7	ɦəʔ43
gheq8	ɦəʔ23
gheu	ɦøʏ
gheu2	ɦøʏ223
gheu2[51]10	ɦøʏ51
gheu40	ɦøʏ4
gheu4440	ɦøʏ444
gheu6	ɦøʏ231
ghin6	ɦin231
gho	ɦo
gho2	ɦo223
gho224	ɦo224
gho23	ɦo23
gho230	ɦo23
gho40	ɦo4
gho440	ɦo44
gho4440	ɦo444
gho5[51]0	ɦo51
gho6	ɦo231
gho[52]30	ɦo52
gho[52]340	ɦo52
ghoan2	ɦɑ̃223
ghoe	ɦø
ghoe2	ɦø223
ghoe6	ɦø231
ghoh	ɦoʔ
ghon	ɦoŋ
ghon2	ɦoŋ223
ghon223	ɦoŋ223
ghon23	ɦoŋ23
ghon230	ɦoŋ23
ghon[52]3	ɦoŋ52
ghoq	ɦoʔ
ghoq440	ɦoʔ44
ghoq8	ɦoʔ23
ghou	ɦəu
ghou2	ɦəu223
ghou223	ɦəu223
ghou23	ɦəu23
ghou230	ɦəu23
ghou40	ɦəu4
ghou440	ɦəu44
ghou6	ɦəu231
ghou[52]30	ɦəu52
ghuaon	ɦuɑ̃
ghue	ɦuᴇ
ghue6	ɦuᴇ231
ghueh	ɦuəʔ
ghuen	ɦuən
ghuoe	ɦuø
gni	ȵi
gni2	ȵi223
gni223	ȵi223
gni23	ȵi23
gni231	ȵi231
gni2[51]	ȵi51
gni3	ȵi51
gni340	ȵi34
gni40	ȵi4
gni440	ȵi44
gni5[523]	ȵi523
gni6	ȵi231
gnia	ȵiɑ
gnia2	ȵiɑ223
gnia6	ȵiɑ231
gniaeh	ȵiaʔ
gniaeq	ȵiaʔ
gniah	ȵiɑʔ
gnian	ȵiã
gnian1	ȵiã44
gnian2	ȵiã223
gnian223	ȵiã223
gnian23	ȵiã23
gnian230	ȵiã23
gnian231	ȵiã231
gnian3	ȵiã51
gnian40	ȵiã4
gnian440	ȵiã44
gnian6	ȵiã231
gnian[523]40	ȵiã523
gnian[52]1	ȵiã52
gniaq	ȵiɑʔ
gniaq8	ȵiɑʔ23
gniau	ȵiæ
gniau2	ȵiæ223
gniau3	ȵiæ51
gniau440	ȵiæ44
gniau6	ȵiæ231
gnie	ȵiɪ
gnie1	ȵiɪ44
gnie2	ȵiɪ223
gnie23	ȵiɪ23
gnie230	ȵiɪ23
gnie231	ȵiɪ231
gnie3	ȵiɪ51
gnie40	ȵiɪ4
gnie4440	ȵiɪ444
gnie51	ȵiɪ51
gnie5[523]	ȵiɪ523
gnie6	ȵiɪ231
gnie[23]1	ȵiɪ23
gnieu	ȵiʏ
gnieu2	ȵiʏ223
gnieu23	ȵiʏ23
gnieu40	ȵiʏ4
gnieu6	ȵiʏ231
gnieu[52]3	ȵiʏ52
gnih	ȵiəʔ
gnin	ȵin
gnin2	ȵin223
gnin223	ȵin223
gnin23	ȵin23
gnin230	ȵin23
gnin2[51]	ȵin51
gnin2[51]0	ȵin51
gnin440	ȵin44
gnin4[23]	ȵin23
gnin4[23]0	ȵin23
gnin6	ȵin231
gnin[52]3	ȵin52
gnin[52]30	ȵin52
gnioe	ȵiø
gnioe1	ȵiø44
gnioe2	ȵiø223
gnioe231	ȵiø231
gnioe6	ȵiø231
gnioh	ȵioʔ
gnion	ȵioŋ
gnion2	ȵioŋ223
gnioq	ȵioʔ
gnioq23	ȵioʔ23
gnioq230	ȵioʔ23
gnioq2[51]0	ȵioʔ51
gnioq34	ȵioʔ34
gnioq40	ȵioʔ4
gnioq44	ȵioʔ44
gnioq5[52]3	ȵioʔ52
gnioq7	ȵioʔ43
gnioq8	ȵioʔ23
gnioq[23]	ȵioʔ23
gnioq[52]3	ȵioʔ52
gniq	ȵiəʔ
gniq23	ȵiəʔ23
gniq230	ȵiəʔ23
gniq340	ȵiəʔ34
gniq40	ȵiəʔ4
gniq4[23]0	ȵiəʔ23
gniq8	ȵiəʔ23
gniq[23]	ȵiəʔ23
gniq[23]10	ȵiəʔ23
gniq[52]3	ȵiəʔ52
gniu	ȵy
gniu2	ȵy223
gniu3	ȵy51
gniu6	ȵy231
gnou2	ȵəu223
gon	goŋ
gon23	goŋ23
gon230	goŋ23
gon6	goŋ231
goq	goʔ
goq8	goʔ23
gou	gəu
gou230	gəu23
gou231	gəu231
gou340	gəu34
gou6	gəu231
gua6	guɑ231
guaon2	guɑ̃223
gue	guᴇ
gue2	guᴇ223
gue2[51]10	guᴇ51
gue5[51]0	guᴇ51
gue6	guᴇ231
ha	xɑ
ha1	xɑ44
ha230	xɑ23
ha3	xɑ51
ha44	xɑ44
ha51	xɑ51
ha[52]3	xɑ52
haeq	xaʔ
haeq43	xaʔ43
haeq7	xaʔ43
han	xã
han1	xã44
han2	xã223
han23	xã23
han2[51]	xã51
haon1	xɑ̃44
haq	xɑʔ
haq7	xɑʔ43
hau	xæ
hau1	xæ44
hau23	xæ23
hau3	xæ51
hau40	xæ4
hau44	xæ44
hau5	xæ523
hau51	xæ51
hau[23]110	xæ23
he	xᴇ
he1	xᴇ44
he230	xᴇ23
he2[51]	xᴇ51
he3	xᴇ51
he44	xᴇ44
he440	xᴇ44
he5	xᴇ523
he51	xᴇ51
he[52]30	xᴇ52
heh	xəʔ
hen	xən
hen1	xən44
hen3	xən51
hen52	xən52
heq	xəʔ
heq23	xəʔ23
heq43	xəʔ43
heq7	xəʔ43
heu	xøʏ
heu3	xøʏ51
heu44	xøʏ44
heu5	xøʏ523
heu523	xøʏ523
hin	xin
ho	xo
ho1	xo44
ho23	xo23
ho230	xo23
ho2[51]0	xo51
ho40	xo4
ho44	xo44
ho4[23]0	xo23
ho5	xo523
ho523	xo523
ho[23]10	xo23
hoe	xø
hoe1	xø44
hoe5	xø523
hoh43	xoʔ43
hon	xoŋ
hon1	xoŋ44
hon44	xoŋ44
hon5	xoŋ523
hoq	xoʔ
hoq23	xoʔ23
hoq43	xoʔ43
hoq7	xoʔ43
hou	xəu
hou1	xəu44
hou23	xəu23
hou230	xəu23
hou2[51]	xəu51
hou3	xəu51
hou340	xəu34
hou40	xəu4
hou440	xəu44
hou4440	xəu444
hou4[23]0	xəu23
hou5	xəu523
hou5[523]	xəu523
hou[52]1	xəu52
hua	xuɑ
hua1	xuɑ44
hua44	xuɑ44
huaeq	xuaʔ
huaeq230	xuaʔ23
huaeq43	xuaʔ43
huaeq7	xuaʔ43
huaeq[43]	xuaʔ43
huan	xuã
huaon	xuɑ̃
huaon1	xuɑ̃44
huaon23	xuɑ̃23
huaon3	xuɑ̃51
huaon44	xuɑ̃44
huaon5	xuɑ̃523
huaon[52]3	xuɑ̃52
hue	xuᴇ
hue1	xuᴇ44
hue230	xuᴇ23
hue2[51]	xuᴇ51
hue3	xuᴇ51
hue440	xuᴇ44
hue5	xuᴇ523
hue[52]3	xuᴇ52
huen	xuən
huen1	xuən44
huen23	xuən23
huen2[51]	xuən51
huen4[23]	xuən23
huen5	xuən523
huen[52]3	xuən52
hueq	xuəʔ
hueq7	xuəʔ43
hueq[52]30	xuəʔ52
huoe	xuø
huoe1	xuø44
huoe3	xuø51
i	i
i1	i44
i23	i23
i2340	i234
i3	i51
i40	i4
i44	i44
i5	i523
i[52]30	i52
ia	iɑ
ia1	iɑ44
ia230	iɑ23
ia3	iɑ51
ia440	iɑ44
ia5	iɑ523
ia[52]30	iɑ52
iaeq7	iaʔ43
ian	iã
ian1	iã44
iaq	iɑʔ
iaq7	iɑʔ43
iau	iæ
iau1	iæ44
iau3	iæ51
iau40	iæ4
iau44	iæ44
iau440	iæ44
iau5	iæ523
iau523	iæ523
iau[52]1	iæ52
ie	iɪ
ie1	iɪ44
ie3	iɪ51
ie40	iɪ4
ie44	iɪ44
ie4[23]0	iɪ23
ie5	iɪ523
ie51	iɪ51
ie523	iɪ523
ie[23]10	iɪ23
ie[52]3	iɪ52
ieu	iʏ
ieu1	iʏ44
ieu3	iʏ51
ih	iəʔ
in	in
in1	in44
in23	in23
in3	in51
in40	in4
in44	in44
in4440	in444
in5	in523
in[23]110	in23
io1	io44
ioe	iø
ioe1	iø44
ioe5	iø523
ion	ioŋ
ion1	ioŋ44
ion3	ioŋ51
ioq7	ioʔ43
iq	iəʔ
iq23	iəʔ23
iq230	iəʔ23
iq34	iəʔ34
iq440	iəʔ44
iq4[23]0	iəʔ23
iq7	iəʔ43
iq[43]	iəʔ43
iu	y
iu1	y44
iu3	y51
iu5	y523
iun	yn
iun3	yn51
iuq7	yəʔ43
ji	ʥi
ji2	ʥi223
ji223	ʥi223
ji23	ʥi23
ji230	ʥi23
ji6	ʥi231
ji[52]3	ʥi52
jia2	ʥiɑ223
jian	ʥiã
jian2	ʥiã223
jian6	ʥiã231
jiau	ʥiæ
jiau2	ʥiæ223
jiau223	ʥiæ223
jiau40	ʥiæ4
jiau6	ʥiæ231
jie	ʥiɪ
jie2	ʥiɪ223
jie223	ʥiɪ223
jie23	ʥiɪ23
jie230	ʥiɪ23
jie231	ʥiɪ231
jie40	ʥiɪ4
jie6	ʥiɪ231
jieu	ʥiʏ
jieu2	ʥiʏ223
jieu23	ʥiʏ23
jieu4440	ʥiʏ444
jieu5[51]	ʥiʏ51
jieu6	ʥiʏ231
jieu[52]110	ʥiʏ52
jin	ʥin
jin2	ʥin223
jin223	ʥin223
jin231	ʥin231
jin232	ʥin232
jin2[51]0	ʥin51
jin6	ʥin231
jin[52]30	ʥin52
jioe	ʥiø
jioe2	ʥiø223
jioe223	ʥiø223
jioe23	ʥiø23
jioe40	ʥiø4
jioe6	ʥiø231
jion	ʥioŋ
jion2	ʥioŋ223
jion223	ʥioŋ223
jioq	ʥioʔ
jioq44	ʥioʔ44
jioq8	ʥioʔ23
jiq	ʥiəʔ
jiq34	ʥiəʔ34
jiq8	ʥiəʔ23
jiq[23]	ʥiəʔ23
jiu	ʥy
jiu2	ʥy223
jiu231	ʥy231
jiu40	ʥy4
jiu6	ʥy231
jiun	ʥyn
jiun2	ʥyn223
jiun223	ʥyn223
jiun6	ʥyn231
jiuq	ʥyəʔ
jiuq8	ʥyəʔ23
ka	kɑ
ka1	kɑ44
ka23	kɑ23
ka230	kɑ23
ka2340	kɑ234
ka2[51]0	kɑ51
ka3	kɑ51
ka40	kɑ4
ka44	kɑ44
ka440	kɑ44
ka4[23]40	kɑ23
ka5	kɑ523
ka51	kɑ51
ka52	kɑ52
ka523	kɑ523
ka5[51]	kɑ51
ka[52]3	kɑ52
kaeh	kaʔ
kaeq	kaʔ
kaeq23	kaʔ23
kaeq230	kaʔ23
kaeq40	kaʔ4
kaeq44	kaʔ44
kaeq7	kaʔ43
kaeq[52]3	kaʔ52
kaeq[52]340	kaʔ52
kan	kã
kan1	kã44
kan23	kã23
kan2[51]	kã51
kan3	kã51
kan40	kã4
kan44	kã44
kan45	kã45
kan4[23]	kã23
kaon	kɑ̃
kaon1	kɑ̃44
kaon23	kɑ̃23
kaon3	kɑ̃51
kaon40	kɑ̃4
kaon44	kɑ̃44
kaon4440	kɑ̃444
kaon4[23]	kɑ̃23
kaon5	kɑ̃523
kaon51	kɑ̃51
kaon523	kɑ̃523
kaon[23]1	kɑ̃23
kaon[52]3	kɑ̃52
kaq	kɑʔ
kaq7	kɑʔ43
kau	kæ
kau1	kæ44
kau23	kæ23
kau230	kæ23
kau2340	kæ234
kau2[51]	kæ51
kau3	kæ51
kau40	kæ4
kau44	kæ44
kau440	kæ44
kau4440	kæ444
kau5	kæ523
kau[52]1	kæ52
kau[52]30	kæ52
ke	kᴇ
ke1	kᴇ44
ke23	kᴇ23
ke230	kᴇ23
ke2340	kᴇ234
ke3	kᴇ51
ke40	kᴇ4
ke44	kᴇ44
ke440	kᴇ44
ke4[23]0	kᴇ23
ke5	kᴇ523
ke51	kᴇ51
ke52	kᴇ52
keaq	?
keh	kəʔ
ken	kən
ken1	kən44
ken3	kən51
ken44	kən44
ken4[23]	kən23
ken5	kən523
ken[52]3	kən52
keq	kəʔ
keq23	kəʔ23
keq230	kəʔ23
keq2340	kəʔ234
keq2[51]0	kəʔ51
keq34	kəʔ34
keq340	kəʔ34
keq40	kəʔ4
keq43	kəʔ43
keq44	kəʔ44
keq440	kəʔ44
keq4420	kəʔ442
keq4440	kəʔ444
keq5[23]	kəʔ23
keq5[51]0	kəʔ51
keq5[523]	kəʔ523
keq7	kəʔ43
keq[231]	kəʔ231
keq[23]1	kəʔ23
keq[23]10	kəʔ23
keq[23]110	kəʔ23
keq[52]1	kəʔ52
keq[52]3	kəʔ52
keq[52]340	kəʔ52
keu	køʏ
keu1	køʏ44
keu3	køʏ51
keu40	køʏ4
keu440	køʏ44
keu4[23]	køʏ23
keu5	køʏ523
keu51	køʏ51
kha	kʰɑ
kha1	kʰɑ44
kha23	kʰɑ23
kha3	kʰɑ51
kha44	kʰɑ44
kha5[51]0	kʰɑ51
kha[52]3	kʰɑ52
khaeh	kʰaʔ
khaeq	kʰaʔ
khaeq43	kʰaʔ43
khaeq44	kʰaʔ44
khaeq4420	kʰaʔ442
khaeq4440	kʰaʔ444
khaeq7	kʰaʔ43
khah	kʰɑʔ
khan	kʰã
khan1	kʰã44
khan[52]3	kʰã52
khaon	kʰɑ̃
khaon1	kʰɑ̃44
khaon23	kʰɑ̃23
khaon3	kʰɑ̃51
khaon5	kʰɑ̃523
khaon523	kʰɑ̃523
khaq	kʰɑʔ
khaq7	kʰɑʔ43
khau	kʰæ
khau1	kʰæ44
khau3	kʰæ51
khau44	kʰæ44
khau5	kʰæ523
khe	kʰᴇ
khe1	kʰᴇ44
khe3	kʰᴇ51
khe40	kʰᴇ4
khe423	kʰᴇ423
khe44	kʰᴇ44
khe4[23]	kʰᴇ23
khe5	kʰᴇ523
kheh	kʰəʔ
khen1	kʰən44
khen23	kʰən23
khen3	kʰən51
kheq	kʰəʔ
kheq44	kʰəʔ44
kheq7	kʰəʔ43
kheq[52]30	kʰəʔ52
kheu	kʰøʏ
kheu1	kʰøʏ44
kheu3	kʰøʏ51
kheu40	kʰøʏ4
kheu5	kʰøʏ523
kheu51	kʰøʏ51
kheu5[23]2	kʰøʏ23
kheu5[51]	kʰøʏ51
kheu[52]30	kʰøʏ52
kho	kʰo
kho1	kʰo44
kho3	kʰo51
kho5	kʰo523
khoe	kʰø
khoe1	kʰø44
khoe3	kʰø51
khoe5	kʰø523
khoe51	kʰø51
khoh	kʰoʔ
khoh43	kʰoʔ43
khon	kʰoŋ
khon1	kʰoŋ44
khon23	kʰoŋ23
khon230	kʰoŋ23
khon3	kʰoŋ51
khon340	kʰoŋ34
khon440	kʰoŋ44
khon5	kʰoŋ523
khon[52]3	kʰoŋ52
khoq	kʰoʔ
khoq44	kʰoʔ44
khoq7	kʰoʔ43
khou	kʰəu
khou1	kʰəu44
khou23	kʰəu23
khou230	kʰəu23
khou3	kʰəu51
khou40	kʰəu4
khou44	kʰəu44
khou440	kʰəu44
khou4440	kʰəu444
khou5	kʰəu523
khou5[523]	kʰəu523
khou[23]1	kʰəu23
khou[52]3	kʰəu52
khua	kʰuɑ
khua23	kʰuɑ23
khua230	kʰuɑ23
khua3	kʰuɑ51
khua440	kʰuɑ44
khua5	kʰuɑ523
khua[52]1	kʰuɑ52
khua[52]3	kʰuɑ52
khuaon	kʰuɑ̃
khuaon1	kʰuɑ̃44
khuaon3	kʰuɑ̃51
khuaon5	kʰuɑ̃523
khue	kʰuᴇ
khue1	kʰuᴇ44
khue230	kʰuᴇ23
khue3	kʰuᴇ51
khue44	kʰuᴇ44
khue440	kʰuᴇ44
khue5	kʰuᴇ523
khue51	kʰuᴇ51
khue523	kʰuᴇ523
khue5[51]	kʰuᴇ51
khuen	kʰuən
khuen1	kʰuən44
khuen2[51]0	kʰuən51
khuen3	kʰuən51
khuen40	kʰuən4
khuen5	kʰuən523
khuen5[51]0	kʰuən51
khuen5[523]	kʰuən523
khuen[52]30	kʰuən52
khueq	kʰuəʔ
khueq7	kʰuəʔ43
khuoe	kʰuø
khuoe1	kʰuø44
khuoe3	kʰuø51
ko	ko
ko1	ko44
ko23	ko23
ko3	ko51
ko40	ko4
ko5	ko523
ko[23]1	ko23
koan	kɑ̃
koan[52]3	kɑ̃52
koe	kø
koe1	kø44
koe23	kø23
koe230	kø23
koe2[51]	kø51
koe2[51]0	kø51
koe3	kø51
koe40	kø4
koe44	kø44
koe4440	kø444
koe4[23]0	kø23
koe5	kø523
koe[52]3	kø52
koh	koʔ
koh43	koʔ43
koko440	?
kon	koŋ
kon1	koŋ44
kon23	koŋ23
kon3	koŋ51
kon44	koŋ44
kon4[23]	koŋ23
kon5	koŋ523
kon523	koŋ523
kon5[523]	koŋ523
koq	koʔ
koq230	koʔ23
koq23440	koʔ2344
koq34	koʔ34
koq43	koʔ43
koq44	koʔ44
koq440	koʔ44
koq4440	koʔ444
koq7	koʔ43
koq[43]	koʔ43
koq[52]3	koʔ52
kou	kəu
kou1	kəu44
kou23	kəu23
kou230	kəu23
kou2340	kəu234
kou2[51]0	kəu51
kou3	kəu51
kou40	kəu4
kou440	kəu44
kou4440	kəu444
kou4[23]	kəu23
kou5	kəu523
kou52	kəu52
kou523	kəu523
kou[23]110	kəu23
kou[52]3	kəu52
kua	kuɑ
kua1	kuɑ44
kua2340	kuɑ234
kua3	kuɑ51
kua440	kuɑ44
kua4[23]	kuɑ23
kua5	kuɑ523
kua[52]3	kuɑ52
kuaeh	kuaʔ
kuaeq	kuaʔ
kuaeq4420	kuaʔ442
kuaeq7	kuaʔ43
kuaeq[43]	kuaʔ43
kuaeq[52]3	kuaʔ52
kuan	kuã
kuan1	kuã44
kuaon	kuɑ̃
kuaon1	kuɑ̃44
kuaon23	kuɑ̃23
kuaon3	kuɑ̃51
kuaon5	kuɑ̃523
kuaon[52]3	kuɑ̃52
kuaon[52]30	kuɑ̃52
kuaq7	kuɑʔ43
kue	kuᴇ
kue1	kuᴇ44
kue23	kuᴇ23
kue3	kuᴇ51
kue40	kuᴇ4
kue44	kuᴇ44
kue5	kuᴇ523
kue[52]30	kuᴇ52
kueh	kuəʔ
kuen	kuən
kuen3	kuən51
kuen5	kuən523
kuen52	kuən52
kueq	kuəʔ
kueq23	kuəʔ23
kueq2340	kuəʔ234
kueq2[51]0	kuəʔ51
kueq4440	kuəʔ444
kueq4[23]0	kuəʔ23
kueq7	kuəʔ43
kuo5	kuo523
kuoe	kuø
kuoe1	kuø44
kuoe23	kuø23
kuoe230	kuø23
kuoe2340	kuø234
kuoe2[51]0	kuø51
kuoe3	kuø51
kuoe40	kuø4
kuoe440	kuø44
kuoe4[51]	kuø51
kuoe5	kuø523
kuoe51	kuø51
kuoe5[51]	kuø51
la	lɑ
la1	lɑ44
la4420	lɑ442
la6	lɑ231
laeh	laʔ
laeq	laʔ
laeq23	laʔ23
laeq4440	laʔ444
laeq7	laʔ43
laeq8	laʔ23
lan	lã
lan231	lã231
lan440	lã44
lan4[23]	lã23
lan6	lã231
lan[23]110	lã23
laon	lɑ̃
laon1	lɑ̃44
laon2	lɑ̃223
laon23	lɑ̃23
laon230	lɑ̃23
laon231	lɑ̃231
laon2340	lɑ̃234
laon2[51]	lɑ̃51
laon40	lɑ̃4
laon440	lɑ̃44
laon4440	lɑ̃444
laon6	lɑ̃231
laon[23]1	lɑ̃23
laon[23]10	lɑ̃23
laon[52]3	lɑ̃52
lau	læ
lau1	læ44
lau2	læ223
lau230	læ23
lau231	læ231
lau40	læ4
lau44	læ44
lau5[51]	læ51
lau6	læ231
lau[52]3	læ52
le	lᴇ
le2	lᴇ223
le230	lᴇ23
le231	lᴇ231
le2340	lᴇ234
le2[51]0	lᴇ51
le3	lᴇ51
le40	lᴇ4
le440	lᴇ44
le6	lᴇ231
le[52]110	lᴇ52
le[52]3	lᴇ52
le[52]30	lᴇ52
leh	ləʔ
len	lən
len2	lən223
len223	lən223
len5[523]	lən523
len6	lən231
leq	ləʔ
leq23	ləʔ23
leq2340	ləʔ234
leq8	ləʔ23
leq[23]1	ləʔ23
leu	løʏ
leu1	løʏ44
leu2	løʏ223
leu231	løʏ231
leu2340	løʏ234
leu2[51]	løʏ51
leu40	løʏ4
leu6	løʏ231
leu[23]1	løʏ23
li	li
li1	li44
li2	li223
li223	li223
li23	li23
li230	li23
li231	li231
li2340	li234
li23420	li2342
li2[51]10	li51
li3	li51
li3420	li342
li40	li4
li44	li44
li440	li44
li4440	li444
li4[51]	li51
li4[523]	li523
li5[23]0	li23
li5[51]	li51
li5[51]0	li51
li6	li231
li[23]1	li23
li[52]3	li52
li[52]30	li52
li[52]340	li52
lian	liã
lian2	liã223
lian223	liã223
lian2[51]	liã51
lian3	liã51
lian40	liã4
lian6	liã231
liaq8	liɑʔ23
liau	liæ
liau1	liæ44
liau2	liæ223
liau23	liæ23
liau2[51]0	liæ51
liau40	liæ4
liau6	liæ231
lie	liɪ
lie2	liɪ223
lie231	liɪ231
lie3	liɪ51
lie40	liɪ4
lie440	liɪ44
lie4[23]0	liɪ23
lie5[51]	liɪ51
lie6	liɪ231
lie[23]110	liɪ23
lie[52]1	liɪ52
lih	liəʔ
lih23	liəʔ23
lin	lin
lin1	lin44
lin2	lin223
lin223	lin223
lin23	lin23
lin231	lin231
lin2340	lin234
lin2[51]	lin51
lin3	lin51
lin440	lin44
lin4[23]0	lin23
lin5[51]	lin51
lin6	lin231
lin[52]30	lin52
liq	liəʔ
liq23	liəʔ23
liq40	liəʔ4
liq44	liəʔ44
liq4420	liəʔ442
liq4[23]40	liəʔ23
liq8	liəʔ23
liu2	ly223
lo	lo
lo440	lo44
lo5[52]3	lo52
loan40	lɑ̃4
loe	lø
loe2	lø223
loe23	lø23
loe2[51]0	lø51
loe2[523]	lø523
loe4[23]0	lø23
loe6	lø231
loh	loʔ
loh23	loʔ23
loh8	loʔ23
lon	loŋ
lon2	loŋ223
lon223	loŋ223
lon23	loŋ23
lon231	loŋ231
lon2[51]	loŋ51
lon3	loŋ51
lon40	loŋ4
lon440	loŋ44
lon4440	loŋ444
lon4[23]	loŋ23
lon6	loŋ231
loq	loʔ
loq23	loʔ23
loq230	loʔ23
loq2340	loʔ234
loq2[51]10	loʔ51
loq34	loʔ34
loq44	loʔ44
loq440	loʔ44
loq7	loʔ43
loq8	loʔ23
loq[23]	loʔ23
loq[52]30	loʔ52
lou	ləu
lou1	ləu44
lou2	ləu223
lou223	ləu223
lou23	ləu23
lou230	ləu23
lou231	ləu231
lou2340	ləu234
lou2[51]	ləu51
lou3	ləu51
lou40	ləu4
lou4440	ləu444
lou4[23]	ləu23
lou5	ləu523
lou5[51]0	ləu51
lou5[523]	ləu523
lou6	ləu231
lou[23]1	ləu23
lou[52]3	ləu52
m	m
m1	m44
m2	m223
m23	m23
m3420	m342
m440	m44
m6	m231
m[23]1	m23
m[52]3	m52
ma	mɑ
ma1	mɑ44
ma2	mɑ223
ma23	mɑ23
ma230	mɑ23
ma231	mɑ231
ma2340	mɑ234
ma40	mɑ4
ma44	mɑ44
ma4[23]	mɑ23
ma6	mɑ231
ma[23]10	mɑ23
maeh	maʔ
maeq	maʔ
maeq230	maʔ23
maeq8	maʔ23
maeq[52]30	maʔ52
mah	mɑʔ
man	mã
man230	mã23
man231	mã231
man5[51]	mã51
man6	mã231
maon	mɑ̃
maon2	mɑ̃223
maon23	mɑ̃23
maon231	mɑ̃231
maon40	mɑ̃4
maon4440	mɑ̃444
maon6	mɑ̃231
maq	mɑʔ
maq23	mɑʔ23
maq44	mɑʔ44
maq8	mɑʔ23
maq[23]	mɑʔ23
maq[52]3	mɑʔ52
mau	mæ
mau1	mæ44
mau2	mæ223
mau223	mæ223
mau23	mæ23
mau230	mæ23
mau2[51]	mæ51
mau40	mæ4
mau440	mæ44
mau6	mæ231
mau[52]1	mæ52
me	mᴇ
me1	mᴇ44
me2	mᴇ223
me23	mᴇ23
me231	mᴇ231
me2340	mᴇ234
me3	mᴇ51
me40	mᴇ4
me44	mᴇ44
me6	mᴇ231
me[52]1	mᴇ52
me[52]3	mᴇ52
me[52]30	mᴇ52
meh	məʔ
men	mən
men1	mən44
men2	mən223
men223	mən223
men23	mən23
men230	mən23
men2[51]	mən51
men2[51]0	mən51
men3	mən51
men40	mən4
men4[23]0	mən23
men5	mən523
men6	mən231
men[52]3	mən52
meq	məʔ
meq23	məʔ23
meq3	məʔ51
meq34	məʔ34
meq44	məʔ44
meq8	məʔ23
meq[23]	məʔ23
meu2	møʏ223
meu6	møʏ231
mi	mi
mi1	mi44
mi2	mi223
mi23	mi23
mi231	mi231
mi2[51]	mi51
mi3	mi51
mi40	mi4
mi44	mi44
mi440	mi44
mi4440	mi444
mi5[523]	mi523
mi6	mi231
miau	miæ
miau2	miæ223
miau230	miæ23
miau3	miæ51
miau440	miæ44
miau5	miæ523
miau6	miæ231
miau[52]3	miæ52
miau[52]30	miæ52
mie	miɪ
mie2	miɪ223
mie23	miɪ23
mie230	miɪ23
mie231	miɪ231
mie3	miɪ51
mie40	miɪ4
mie4[523]	miɪ523
mie5[523]	miɪ523
mie6	miɪ231
mie[23]1	miɪ23
mih	miəʔ
min	min
min1	min44
min2	min223
min230	min23
min231	min231
min3	min51
min340	min34
min40	min4
min440	min44
min5[52]	min52
min6	min231
miq	miəʔ
miq440	miəʔ44
miq8	miəʔ23
mo	mo
mo1	mo44
mo2	mo223
mo223	mo223
mo23	mo23
mo230	mo23
mo231	mo231
mo40	mo4
mo6	mo231
mo[52]3	mo52
mo[52]30	mo52
mo[52]330	mo52
moe	mø
moe1	mø44
moe2	mø223
moe40	mø4
moe44	mø44
moe5[51]	mø51
moe6	mø231
moh	moʔ
mon	moŋ
mon2	moŋ223
mon6	moŋ231
moq	moʔ
moq23	moʔ23
moq44	moʔ44
moq8	moʔ23
n	n
n1	n44
n6	n231
na	nɑ
na1	nɑ44
na23	nɑ23
na230	nɑ23
na4[23]0	nɑ23
na6	nɑ231
naeq	naʔ
naeq44	naʔ44
naeq8	naʔ23
naon	nɑ̃
naon2	nɑ̃223
naon223	nɑ̃223
naon5	nɑ̃523
nau	næ
nau2	næ223
nau2340	næ234
nau4440	næ444
nau6	næ231
nau[52]3	næ52
ne	nᴇ
ne1	nᴇ44
ne2	nᴇ223
ne223	nᴇ223
ne40	nᴇ4
ne6	nᴇ231
nen	nən
nen2	nən223
nen223	nən223
nen440	nən44
nen6	nən231
neq	nəʔ
neq8	nəʔ23
ng	ŋ
ng2	ŋ223
ng23	ŋ23
ng230	ŋ23
ng2340	ŋ234
ng2[51]	ŋ51
ng2[51]0	ŋ51
ng40	ŋ4
ng440	ŋ44
ng4[23]	ŋ23
ng6	ŋ231
ng[52]3	ŋ52
ng[52]30	ŋ52
nga	ŋɑ
nga2	ŋɑ223
nga223	ŋɑ223
nga23	ŋɑ23
nga6	ŋɑ231
nga[23]1	ŋɑ23
nga[52]3	ŋɑ52
ngaeq23	ŋaʔ23
ngaeq8	ŋaʔ23
ngan	ŋã
ngan23	ŋã23
ngan5[523]	ŋã523
ngan6	ŋã231
ngaon2	ŋɑ̃223
ngaq	ŋɑʔ
ngaq8	ŋɑʔ23
ngau	ŋæ
ngau2	ŋæ223
ngau223	ŋæ223
ngau231	ŋæ231
ngau6	ŋæ231
nge	ŋᴇ
nge2	ŋᴇ223
nge223	ŋᴇ223
nge23	ŋᴇ23
nge230	ŋᴇ23
nge23440	ŋᴇ2344
nge2[51]0	ŋᴇ51
nge40	ŋᴇ4
nge440	ŋᴇ44
nge5[523]	ŋᴇ523
nge6	ŋᴇ231
nge[52]3	ŋᴇ52
ngen2	ŋən223
ngeq	ŋəʔ
ngeq23	ŋəʔ23
ngeq230	ŋəʔ23
ngeq2[51]0	ŋəʔ51
ngeq44	ŋəʔ44
ngeq440	ŋəʔ44
ngeq8	ŋəʔ23
ngeq[23]	ŋəʔ23
ngeq[23]10	ŋəʔ23
ngeu	ŋøʏ
ngeu1	ŋøʏ44
ngeu231	ŋøʏ231
ngeu440	ŋøʏ44
ngeu6	ŋøʏ231
ngie	ŋiɪ
ngie2	ŋiɪ223
ngiuq8	ŋyəʔ23
ngo	ŋo
ngo6	ŋo231
ngoe	ŋø
ngoe5[523]	ŋø523
ngoe6	ŋø231
ngoq	ŋoʔ
ngoq23	ŋoʔ23
ngoq40	ŋoʔ4
ngoq8	ŋoʔ23
ngou	ŋəu
ngou1	ŋəu44
ngou2	ŋəu223
ngou23	ŋəu23
ngou230	ŋəu23
ngou231	ŋəu231
ngou33	ŋəu33
ngou6	ŋəu231
ni1	ni44
nian	niã
nieu	niʏ
nin	nin
nin6	nin231
nion	nioŋ
nioq	nioʔ
niu6	ny231
no	no
no2	no223
no6	no231
noe	nø
noe1	nø44
noe2	nø223
noe231	nø231
noe40	nø4
noe4[23]	nø23
noe6	nø231
non	noŋ
non2	noŋ223
non223	noŋ223
non6	noŋ231
noq8	noʔ23
nou	nəu
nou1	nəu44
nou2	nəu223
nou3	nəu51
nou6	nəu231
o	o
o1	o44
o23	o23
o3	o51
o333	o333
o44	o44
o4[23]	o23
o5	o523
o51	o51
o52	o52
oe	ø
oe1	ø44
oe3	ø51
oe40	ø4
oe5	ø523
on	oŋ
on1	oŋ44
on3	oŋ51
on5	oŋ523
oq	oʔ
oq7	oʔ43
ou	əu
ou1	əu44
ou230	əu23
ou5	əu523
ou523	əu523
pa	pɑ
pa1	pɑ44
pa23	pɑ23
pa2340	pɑ234
pa3	pɑ51
pa40	pɑ4
pa5	pɑ523
pa51	pɑ51
pa[23]1	pɑ23
paeq	paʔ
pan	pã
pan1	pã44
pan230	pã23
pan40	pã4
pan44	pã44
pan5	pã523
pan52	pã52
pao	?
paon	pɑ̃
paon1	pɑ̃44
paon23	pɑ̃23
paon230	pɑ̃23
paon2340	pɑ̃234
paon3	pɑ̃51
paon40	pɑ̃4
paon4440	pɑ̃444
paon5[52]23	pɑ̃52
paon[52]340	pɑ̃52
paq	pɑʔ
paq23	pɑʔ23
paq230	pɑʔ23
paq44	pɑʔ44
paq7	pɑʔ43
paq[43]	pɑʔ43
pau	pæ
pau1	pæ44
pau23	pæ23
pau230	pæ23
pau3	pæ51
pau4	pæ4
pau40	pæ4
pau44	pæ44
pau5	pæ523
pau523	pæ523
pautsy[52]30	?
pe	pᴇ
pe1	pᴇ44
pe23	pᴇ23
pe230	pᴇ23
pe3	pᴇ51
pe40	pᴇ4
pe44	pᴇ44
pe440	pᴇ44
pe4440	pᴇ444
pe4[23]0	pᴇ23
pe5	pᴇ523
pe51	pᴇ51
pe5[51]	pᴇ51
pe5[523]	pᴇ523
pe[52]1	pᴇ52
pe[52]3	pᴇ52
pen	pən
pen1	pən44
pen3	pən51
pen5	pən523
pen51	pən51
pen5[51]	pən51
peq	pəʔ
peq23	pəʔ23
peq43	pəʔ43
peq7	pəʔ43
peu3	pøʏ51
pha	pʰɑ
pha1	pʰɑ44
pha5	pʰɑ523
phan	pʰã
phan1	pʰã44
phan3	pʰã51
phan44	pʰã44
phan5	pʰã523
phaon	pʰɑ̃
phaon1	pʰɑ̃44
phaon23	pʰɑ̃23
phaon3	pʰɑ̃51
phaon5	pʰɑ̃523
phaon51	pʰɑ̃51
phaon[52]3	pʰɑ̃52
phaq	pʰɑʔ
phaq2340	pʰɑʔ234
phaq44	pʰɑʔ44
phaq440	pʰɑʔ44
phaq7	pʰɑʔ43
phau	pʰæ
phau1	pʰæ44
phau23	pʰæ23
phau230	pʰæ23
phau5	pʰæ523
phau51	pʰæ51
phe	pʰᴇ
phe1	pʰᴇ44
phe230	pʰᴇ23
phe3	pʰᴇ51
phe40	pʰᴇ4
phe44	pʰᴇ44
phe4[23]	pʰᴇ23
phe4[23]40	pʰᴇ23
phe5	pʰᴇ523
phe[23]1	pʰᴇ23
phe[52]3	pʰᴇ52
phe[52]30	pʰᴇ52
phen	pʰən
phen1	pʰən44
pheq7	pʰəʔ43
pheu3	pʰøʏ51
phi	pʰi
phi1	pʰi44
phi3	pʰi51
phi40	pʰi4
phi44	pʰi44
phi5	pʰi523
phi51	pʰi51
phiau	pʰiæ
phiau1	pʰiæ44
phiau3	pʰiæ51
phiau5	pʰiæ523
phiau[52]30	pʰiæ52
phie	pʰiɪ
phie1	pʰiɪ44
phie3	pʰiɪ51
phie40	pʰiɪ4
phie44	pʰiɪ44
phie5	pʰiɪ523
phie523	pʰiɪ523
phin	pʰin
phin1	pʰin44
phin3	pʰin51
phin5	pʰin523
phiq	pʰiəʔ
phiq44	pʰiəʔ44
phiq7	pʰiəʔ43
pho	pʰo
pho23	pʰo23
pho40	pʰo4
pho5	pʰo523
phoe	pʰø
phoe1	pʰø44
phoe5	pʰø523
phoh	pʰoʔ
phon3	pʰoŋ51
phoq	pʰoʔ
phoq7	pʰoʔ43
phou3	pʰəu51
phu	pʰu
phu1	pʰu44
phu23	pʰu23
phu3	pʰu51
phu44	pʰu44
phu440	pʰu44
phu45[23]	pʰu23
phu5	pʰu523
phu523	pʰu523
pi	pi
pi1	pi44
pi23	pi23
pi3	pi51
pi44	pi44
pi5	pi523
pi523	pi523
piau	piæ
piau1	piæ44
piau3	piæ51
piau4	piæ4
piau44	piæ44
piau7	piæ43
piau[52]3	piæ52
pie	piɪ
pie1	piɪ44
pie3	piɪ51
pie33	piɪ33
pie40	piɪ4
pie44	piɪ44
pie4[23]	piɪ23
pie5	piɪ523
pih	piəʔ
pih43	piəʔ43
pin	pin
pin1	pin44
pin23	pin23
pin2340	pin234
pin2[51]	pin51
pin3	pin51
pin340	pin34
pin40	pin4
pin44	pin44
pin4[23]	pin23
pin5	pin523
pin[52]30	pin52
piq	piəʔ
piq23	piəʔ23
piq40	piəʔ4
piq44	piəʔ44
piq7	piəʔ43
piq[52]3	piəʔ52
po	po
po1	po44
po23	po23
po3	po51
po40	po4
po5	po523
po5[51]	po51
poe	pø
poe1	pø44
poe230	pø23
poe440	pø44
poe4[23]0	pø23
poe5	pø523
poh	poʔ
pon440	poŋ44
pon5	poŋ523
pon5[523]	poŋ523
poq	poʔ
poq2340	poʔ234
poq44	poʔ44
poq7	poʔ43
ppen	ppən
pu	pu
pu1	pu44
pu23	pu23
pu230	pu23
pu2[51]	pu51
pu3	pu51
pu340	pu34
pu40	pu4
pu4[51]0	pu51
pu5	pu523
pu51	pu51
pu5[523]	pu523
q	?
sa	sɑ
sa1	sɑ44
sa3	sɑ51
sa33	sɑ33
sa5	sɑ523
sa5[51]0	sɑ51
sa5[523]	sɑ523
sa6	sɑ231
sa[52]1	sɑ52
saeh	saʔ
saeq	saʔ
saeq23	saʔ23
saeq34	saʔ34
saeq40	saʔ4
saeq43	saʔ43
saeq44	saʔ44
saeq4440	saʔ444
saeq4[23]40	saʔ23
saeq7	saʔ43
saeq[23]1	saʔ23
saeq[43]	saʔ43
saeq[52]3	saʔ52
sah	sɑʔ
san	sã
san1	sã44
san23	sã23
san3	sã51
san3420	sã342
san40	sã4
san44	sã44
san4[23]	sã23
san4[23]10	sã23
san4[23]40	sã23
san[52]1	sã52
san[52]340	sã52
saon	sɑ̃
saon1	sɑ̃44
saon23	sɑ̃23
saon3	sɑ̃51
saon40	sɑ̃4
saon44	sɑ̃44
saon4[23]	sɑ̃23
saon5	sɑ̃523
saq	sɑʔ
saq7	sɑʔ43
sau	sæ
sau1	sæ44
sau23	sæ23
sau230	sæ23
sau3	sæ51
sau40	sæ4
sau44	sæ44
sau440	sæ44
sau4[23]	sæ23
sau5	sæ523
sau523	sæ523
sau5[51]	sæ51
sau[52]3	sæ52
se	sᴇ
se1	sᴇ44
se23	sᴇ23
se230	sᴇ23
se2340	sᴇ234
se23420	sᴇ2342
se2[51]0	sᴇ51
se3	sᴇ51
se40	sᴇ4
se44	sᴇ44
se440	sᴇ44
se4440	sᴇ444
se4[23]40	sᴇ23
se5	sᴇ523
se523	sᴇ523
se5[52]23	sᴇ52
se[52]3	sᴇ52
se[52]340	sᴇ52
seh	səʔ
sen	sən
sen1	sən44
sen23	sən23
sen2[51]	sən51
sen3	sən51
sen40	sən4
sen44	sən44
sen440	sən44
sen5	sən523
sen51	sən51
sen523	sən523
sen5[51]	sən51
sen[52]3	sən52
sen[52]30	sən52
seq	səʔ
seq23	səʔ23
seq230	səʔ23
seq34	səʔ34
seq340	səʔ34
seq40	səʔ4
seq43	səʔ43
seq44	səʔ44
seq440	səʔ44
seq4[23]40	səʔ23
seq7	səʔ43
seq8	səʔ23
seq[23]1	səʔ23
seq[43]	səʔ43
seq[52]3	səʔ52
seu	søʏ
seu1	søʏ44
seu23	søʏ23
seu230	søʏ23
seu3	søʏ51
seu40	søʏ4
seu440	søʏ44
seu4420	søʏ442
seu5	søʏ523
seu51	søʏ51
seu5[523]	søʏ523
seu5[52]3	søʏ52
seu6	søʏ231
shain	?
shi	ɕi
shi1	ɕi44
shi23	ɕi23
shi230	ɕi23
shi3	ɕi51
shi3420	ɕi342
shi40	ɕi4
shi44	ɕi44
shi440	ɕi44
shi5	ɕi523
shi51	ɕi51
shi523	ɕi523
shi[52]30	ɕi52
shia	ɕiɑ
shia230	ɕiɑ23
shia[52]3	ɕiɑ52
shian	ɕiã
shian1	ɕiã44
shian23	ɕiã23
shian230	ɕiã23
shian3	ɕiã51
shian40	ɕiã4
shian44	ɕiã44
shian440	ɕiã44
shian4420	ɕiã442
shian4[23]	ɕiã23
shian4[23]0	ɕiã23
shian5	ɕiã523
shian5[51]	ɕiã51
shian[52]30	ɕiã52
shiau	ɕiæ
shiau1	ɕiæ44
shiau230	ɕiæ23
shiau3	ɕiæ51
shiau5	ɕiæ523
shie	ɕiɪ
shie1	ɕiɪ44
shie2[51]	ɕiɪ51
shie3	ɕiɪ51
shie40	ɕiɪ4
shie44	ɕiɪ44
shie4[23]	ɕiɪ23
shie5	ɕiɪ523
shie523	ɕiɪ523
shie5[51]	ɕiɪ51
shie[52]30	ɕiɪ52
shieu	ɕiʏ
shieu1	ɕiʏ44
shieu3	ɕiʏ51
shieu44	ɕiʏ44
shieu5	ɕiʏ523
shieu51	ɕiʏ51
shin	ɕin
shin1	ɕin44
shin440	ɕin44
shin4[23]0	ɕin23
shin5	ɕin523
shio	ɕio
shio1	ɕio44
shioe	ɕiø
shioe1	ɕiø44
shioe3	ɕiø51
shioe5	ɕiø523
shioh	ɕioʔ
shion	ɕioŋ
shion1	ɕioŋ44
shion23	ɕioŋ23
shion2349	ɕioŋ2349
shion40	ɕioŋ4
shion4[23]430	ɕioŋ23
shion5[51]10	ɕioŋ51
shion[52]1	ɕioŋ52
shion[52]30	ɕioŋ52
shioq7	ɕioʔ43
shiq	ɕiəʔ
shiq44	ɕiəʔ44
shiq440	ɕiəʔ44
shiq7	ɕiəʔ43
shiq[52]1	ɕiəʔ52
shiq[52]3	ɕiəʔ52
shiu	ɕy
shiu1	ɕy44
shiu230	ɕy23
shiu3	ɕy51
shiu5	ɕy523
shiu52	ɕy52
shiun	ɕyn
shiun1	ɕyn44
shiun3	ɕyn51
shiuq	ɕyəʔ
shiuq43	ɕyəʔ43
shiuq44	ɕyəʔ44
shiuq7	ɕyəʔ43
si	si
si1	si44
si23	si23
si2340	si234
si3	si51
si3420	si342
si40	si4
si440	si44
si4440	si444
si5	si523
si51	si51
si523	si523
si5[51]	si51
si[23]1	si23
si[52]1	si52
sia	siɑ
sia3	siɑ51
sia5	siɑ523
siah	siɑʔ
siah43	siɑʔ43
sian	siã
sian1	siã44
sian23	siã23
sian230	siã23
sian2[51]	siã51
sian3	siã51
sian3420	siã342
sian44	siã44
sian440	siã44
sian4440	siã444
sian4[23]	siã23
sian5	siã523
sian51	siã51
sian[52]30	siã52
siaq	siɑʔ
siaq7	siɑʔ43
siau	siæ
siau1	siæ44
siau3	siæ51
siau40	siæ4
siau41zeq34	?
siau440	siæ44
siau5	siæ523
siau52	siæ52
siau[52]30	siæ52
sie	siɪ
sie1	siɪ44
sie23	siɪ23
sie2340	siɪ234
sie3	siɪ51
sie40	siɪ4
sie440	siɪ44
sie5	siɪ523
sie[23]1	siɪ23
sih	siəʔ
sin	sin
sin1	sin44
sin23	sin23
sin230	sin23
sin3	sin51
sin40	sin4
sin44	sin44
sin440	sin44
sin4[23]	sin23
sin5	sin523
sin5[51]0	sin51
sin5[523]	sin523
sin5[52]3	sin52
sin5[52]31	sin52
sin[52]3	sin52
sin[52]30	sin52
siq	siəʔ
siq23	siəʔ23
siq2340	siəʔ234
siq40	siəʔ4
siq7	siəʔ43
siq[43]	siəʔ43
so	so
so1	so44
so2	so223
so3	so51
so44	so44
so4[23]	so23
so4[23]0	so23
so5	so523
so523	so523
soe	sø
soe1	sø44
soe23	sø23
soe231	sø231
soe3	sø51
soe40	sø4
soe44	sø44
soe5	sø523
soe51	sø51
soe523	sø523
soe5[51]	sø51
soe5[523]	sø523
soe[52]1	sø52
son	soŋ
son1	soŋ44
son23	soŋ23
son4[23]	soŋ23
son5	soŋ523
son52	soŋ52
soq	soʔ
soq44	soʔ44
soq4440	soʔ444
soq7	soʔ43
soq[52]30	soʔ52
sou	səu
sou1	səu44
sou230	səu23
sou2340	səu234
sou3	səu51
sou40	səu4
sou440	səu44
sou4[23]0	səu23
sou5	səu523
sou[52]30	səu52
sy	sɿ
sy1	sɿ44
sy23	sɿ23
sy230	sɿ23
sy2340	sɿ234
sy2[51]	sɿ51
sy3	sɿ51
sy340	sɿ34
sy40	sɿ4
sy44	sɿ44
sy4[23]40	sɿ23
sy4[51]	sɿ51
sy5	sɿ523
sy51	sɿ51
sy523	sɿ523
sy6	sɿ231
sy[52]30	sɿ52
syu	sʮ
syu1	sʮ44
syu23	sʮ23
syu2340	sʮ234
syu2[51]0	sʮ51
syu3	sʮ51
syu40	sʮ4
syu440	sʮ44
syu4440	sʮ444
syu4[23]40	sʮ23
syu4[51]	sʮ51
syu5	sʮ523
syu51	sʮ51
syu523	sʮ523
syu[52]3	sʮ52
syu[52]30	sʮ52
ta	tɑ
ta1	tɑ44
ta23	tɑ23
ta2[51]0	tɑ51
ta440	tɑ44
ta5	tɑ523
taeq	taʔ
taeq23	taʔ23
taeq230	taʔ23
taeq2340	taʔ234
taeq2[51]0	taʔ51
taeq3420	taʔ342
taeq40	taʔ4
taeq43	taʔ43
taeq44	taʔ44
taeq440	taʔ44
taeq7	taʔ43
taeq[23]1	taʔ23
taeq[23]10	taʔ23
taeq[43]	taʔ43
taeq[52]30	taʔ52
tan	tã
tan3	tã51
tan40	tã4
tan4440	tã444
tan51	tã51
tan52	tã52
tan[52]3	tã52
taon	tɑ̃
taon1	tɑ̃44
taon23	tɑ̃23
taon230	tɑ̃23
taon3	tɑ̃51
taon40	tɑ̃4
taon4440	tɑ̃444
taon4[23]	tɑ̃23
taon5	tɑ̃523
taon52	tɑ̃52
taon[52]1	tɑ̃52
taon[52]3	tɑ̃52
tau	tæ
tau1	tæ44
tau23	tæ23
tau3	tæ51
tau340	tæ34
tau40	tæ4
tau44	tæ44
tau440	tæ44
tau4440	tæ444
tau4[23]0	tæ23
tau5	tæ523
tau51	tæ51
tau5[51]	tæ51
tau[52]3	tæ52
te	tᴇ
te1	tᴇ44
te23	tᴇ23
te3	tᴇ51
te40	tᴇ4
te44	tᴇ44
te440	tᴇ44
te5	tᴇ523
te51	tᴇ51
te523	tᴇ523
te55te21	?
te5[523]	tᴇ523
te5[52]	tᴇ52
teh	təʔ
ten	tən
ten1	tən44
ten23	tən23
ten2[52]3	tən52
ten3	tən51
ten40	tən4
ten44	tən44
ten440	tən44
ten4[23]0	tən23
ten5	tən523
ten523	tən523
ten5[523]	tən523
ten[23]1	tən23
ten[52]1	tən52
ten[52]3	tən52
teq	təʔ
teq2340	təʔ234
teq23440	təʔ2344
teq40	təʔ4
teq43	təʔ43
teq440	təʔ44
teq5[52]3	təʔ52
teq7	təʔ43
teq[23]1	təʔ23
teq[52]3	təʔ52
teq[52]30	təʔ52
teu	tøʏ
teu1	tøʏ44
teu23	tøʏ23
teu3	tøʏ51
teu5	tøʏ523
tha	tʰɑ
tha1	tʰɑ44
tha23	tʰɑ23
tha230	tʰɑ23
tha40	tʰɑ4
tha5	tʰɑ523
tha[23]1	tʰɑ23
thaeh	tʰaʔ
thaeq	tʰaʔ
thaeq23	tʰaʔ23
thaeq34	tʰaʔ34
thaeq40	tʰaʔ4
thaeq43	tʰaʔ43
thaeq44	tʰaʔ44
thaeq440	tʰaʔ44
thaeq7	tʰaʔ43
thaeq[43]	tʰaʔ43
than	tʰã
than1	tʰã44
than40	tʰã4
than4440	tʰã444
thaon	tʰɑ̃
thaon1	tʰɑ̃44
thaon23	tʰɑ̃23
thaon2[51]10	tʰɑ̃51
thaon3	tʰɑ̃51
thaon40	tʰɑ̃4
thaon44	tʰɑ̃44
thaon440	tʰɑ̃44
thaon5	tʰɑ̃523
thaon5[523]	tʰɑ̃523
thaon5[52]3	tʰɑ̃52
thaq34	tʰɑʔ34
thau	tʰæ
thau1	tʰæ44
thau3	tʰæ51
thau5	tʰæ523
thau52	tʰæ52
thau523	tʰæ523
thau5[523]	tʰæ523
thau[52]1	tʰæ52
thau[52]30	tʰæ52
the	tʰᴇ
the1	tʰᴇ44
the230	tʰᴇ23
the3	tʰᴇ51
the40	tʰᴇ4
the44	tʰᴇ44
the440	tʰᴇ44
the5	tʰᴇ523
theh	tʰəʔ
then	tʰən
then1	tʰən44
then3	tʰən51
then51	tʰən51
theq	tʰəʔ
theq230	tʰəʔ23
theq34	tʰəʔ34
theq40	tʰəʔ4
theq43	tʰəʔ43
theq44	tʰəʔ44
theq7	tʰəʔ43
theq[52]3	tʰəʔ52
theu	tʰøʏ
theu1	tʰøʏ44
theu3	tʰøʏ51
theu5	tʰøʏ523
thi	tʰi
thi1	tʰi44
thi23	tʰi23
thi2[51]	tʰi51
thi3	tʰi51
thi40	tʰi4
thi44	tʰi44
thi440	tʰi44
thi5	tʰi523
thi[52]3	tʰi52
thiau	tʰiæ
thiau1	tʰiæ44
thiau5	tʰiæ523
thiau5[51]0	tʰiæ51
thie	tʰiɪ
thie1	tʰiɪ44
thie2[51]10	tʰiɪ51
thie2[52]3	tʰiɪ52
thie3	tʰiɪ51
thie40	tʰiɪ4
thie44	tʰiɪ44
thie5	tʰiɪ523
thie51	tʰiɪ51
thie5[523]	tʰiɪ523
thie5[52]3	tʰiɪ52
thie[52]3	tʰiɪ52
thie[52]30	tʰiɪ52
thih	tʰiəʔ
thih43	tʰiəʔ43
thin	tʰin
thin1	tʰin44
thin3	tʰin51
thin44	tʰin44
thin5	tʰin523
thin5[51]	tʰin51
thin[52]30	tʰin52
thiq	tʰiəʔ
thiq43	tʰiəʔ43
thiq4[23]0	tʰiəʔ23
thiq7	tʰiəʔ43
thoe	tʰø
thoe1	tʰø44
thoe5	tʰø523
thoe523	tʰø523
thoh	tʰoʔ
thon	tʰoŋ
thon1	tʰoŋ44
thon230	tʰoŋ23
thon3	tʰoŋ51
thon4440	tʰoŋ444
thon5	tʰoŋ523
thon51	tʰoŋ51
thon[52]30	tʰoŋ52
thoq	tʰoʔ
thoq34	tʰoʔ34
thoq4440	tʰoʔ444
thoq7	tʰoʔ43
thou	tʰəu
thou1	tʰəu44
thou23	tʰəu23
thou3	tʰəu51
thou5	tʰəu523
thou51	tʰəu51
thou523	tʰəu523
thse	?
ti	ti
ti1	ti44
ti23	ti23
ti2[51]	ti51
ti3	ti51
ti440	ti44
ti5	ti523
ti523	ti523
ti5[23]0	ti23
ti5[51]	ti51
tia	tiɑ
tia1	tiɑ44
tia2340	tiɑ234
tia3	tiɑ51
tia40	tiɑ4
tia4[23]	tiɑ23
tia51	tiɑ51
tiau	tiæ
tiau1	tiæ44
tiau23	tiæ23
tiau3	tiæ51
tiau5	tiæ523
tiau51	tiæ51
tiau52	tiæ52
tiau5[51]	tiæ51
tiau[23]1	tiæ23
tidau	?
tie	tiɪ
tie1	tiɪ44
tie23	tiɪ23
tie230	tiɪ23
tie2[51]0	tiɪ51
tie3	tiɪ51
tie40	tiɪ4
tie44	tiɪ44
tie440	tiɪ44
tie4440	tiɪ444
tie4[23]0	tiɪ23
tie4[51]	tiɪ51
tie5	tiɪ523
tie52	tiɪ52
tie5[52]	tiɪ52
tie[23]10	tiɪ23
tiesie	?
tih	tiəʔ
tih43	tiəʔ43
tin	tin
tin1	tin44
tin3	tin51
tin44	tin44
tin5	tin523
tin51	tin51
tin523	tin523
tin[52]3	tin52
tiq	tiəʔ
tiq43	tiəʔ43
tiq440	tiəʔ44
tiq7	tiəʔ43
tiq[52]3	tiəʔ52
to	to
to4440	to444
to5	to523
toe	tø
toe1	tø44
toe2340	tø234
toe3	tø51
toe44	tø44
toe5	tø523
toh43	toʔ43
ton	toŋ
ton1	toŋ44
ton3	toŋ51
ton4440	toŋ444
ton5	toŋ523
toq	toʔ
toq34	toʔ34
toq40	toʔ4
toq43	toʔ43
toq44	toʔ44
toq440	toʔ44
toq5[51]0	toʔ51
toq7	toʔ43
toq[231]	toʔ231
toq[23]	toʔ23
toq[23]1	toʔ23
toq[43]	toʔ43
tou	təu
tou1	təu44
tou23	təu23
tou230	təu23
tou3	təu51
tou440	təu44
tou4420	təu442
tou4440	təu444
tou5	təu523
tou51	təu51
tsa	ʦɑ
tsa1	ʦɑ44
tsa3	ʦɑ51
tsa4440	ʦɑ444
tsa4[23]	ʦɑ23
tsa5	ʦɑ523
tsa523	ʦɑ523
tsaeh	ʦaʔ
tsaeq	ʦaʔ
tsaeq7	ʦaʔ43
tsaeq[52]3	ʦaʔ52
tsan	ʦã
tsan1	ʦã44
tsan23	ʦã23
tsan230	ʦã23
tsan2340	ʦã234
tsan3	ʦã51
tsan440	ʦã44
tsan4440	ʦã444
tsan4[23]0	ʦã23
tsan5	ʦã523
tsan523	ʦã523
tsan[23]110	ʦã23
tsan[52]3	ʦã52
tsaon	ʦɑ̃
tsaon1	ʦɑ̃44
tsaon2[51]0	ʦɑ̃51
tsaon44	ʦɑ̃44
tsaon440	ʦɑ̃44
tsaon5	ʦɑ̃523
tsaon523	ʦɑ̃523
tsaon[52]3	ʦɑ̃52
tsaq	ʦɑʔ
tsaq40	ʦɑʔ4
tsaq44	ʦɑʔ44
tsaq7	ʦɑʔ43
tsaq[43]	ʦɑʔ43
tsau	ʦæ
tsau1	ʦæ44
tsau23	ʦæ23
tsau230	ʦæ23
tsau2340	ʦæ234
tsau2[51]	ʦæ51
tsau3	ʦæ51
tsau40	ʦæ4
tsau44	ʦæ44
tsau440	ʦæ44
tsau5	ʦæ523
tsau51	ʦæ51
tsau52	ʦæ52
tsau523	ʦæ523
tsau5[51]	ʦæ51
tsau[42]340	ʦæ42
tse	ʦᴇ
tse1	ʦᴇ44
tse2[51]0	ʦᴇ51
tse3	ʦᴇ51
tse44	ʦᴇ44
tse5	ʦᴇ523
tse51	ʦᴇ51
tseh	ʦəʔ
tsen	ʦən
tsen1	ʦən44
tsen3	ʦən51
tsen40	ʦən4
tsen44	ʦən44
tsen440	ʦən44
tsen4[23]40	ʦən23
tsen5	ʦən523
tsen51	ʦən51
tseq	ʦəʔ
tseq23	ʦəʔ23
tseq230	ʦəʔ23
tseq2[51]0	ʦəʔ51
tseq34	ʦəʔ34
tseq43	ʦəʔ43
tseq440	ʦəʔ44
tseq5[51]0	ʦəʔ51
tseq5[51]2	ʦəʔ51
tseq7	ʦəʔ43
tseq[52]1	ʦəʔ52
tseq[52]10	ʦəʔ52
tseq[52]3	ʦəʔ52
tseu	ʦøʏ
tseu1	ʦøʏ44
tseu23	ʦøʏ23
tseu230	ʦøʏ23
tseu3	ʦøʏ51
tseu40	ʦøʏ4
tseu44	ʦøʏ44
tseu440	ʦøʏ44
tseu4420	ʦøʏ442
tseu4[51]	ʦøʏ51
tseu5	ʦøʏ523
tseu51	ʦøʏ51
tseu52	ʦøʏ52
tseu[52]3	ʦøʏ52
tsha	ʦʰɑ
tsha1	ʦʰɑ44
tsha5	ʦʰɑ523
tsha51	ʦʰɑ51
tsha523	ʦʰɑ523
tshaeq	ʦʰaʔ
tshaeq7	ʦʰaʔ43
tshah	ʦʰɑʔ
tshan	ʦʰã
tshan1	ʦʰã44
tshan230	ʦʰã23
tshan3	ʦʰã51
tshan440	ʦʰã44
tshan5	ʦʰã523
tshan523	ʦʰã523
tshaon	ʦʰɑ̃
tshaon1	ʦʰɑ̃44
tshaon230	ʦʰɑ̃23
tshaon2340	ʦʰɑ̃234
tshaon23440	ʦʰɑ̃2344
tshaon3	ʦʰɑ̃51
tshaon40	ʦʰɑ̃4
tshaon44	ʦʰɑ̃44
tshaon5	ʦʰɑ̃523
tshaq	ʦʰɑʔ
tshaq40	ʦʰɑʔ4
tshaq44	ʦʰɑʔ44
tshaq440	ʦʰɑʔ44
tshaq7	ʦʰɑʔ43
tshaq[43]	ʦʰɑʔ43
tshau	ʦʰæ
tshau1	ʦʰæ44
tshau2[51]	ʦʰæ51
tshau3	ʦʰæ51
tshau40	ʦʰæ4
tshau44	ʦʰæ44
tshau5	ʦʰæ523
tshe	ʦʰᴇ
tshe1	ʦʰᴇ44
tshe23	ʦʰᴇ23
tshe2340	ʦʰᴇ234
tshe2[51]0	ʦʰᴇ51
tshe2[523]	ʦʰᴇ523
tshe3	ʦʰᴇ51
tshe40	ʦʰᴇ4
tshe44	ʦʰᴇ44
tshe440	ʦʰᴇ44
tshe4420	ʦʰᴇ442
tshe4440	ʦʰᴇ444
tshe4[23]0	ʦʰᴇ23
tshe5	ʦʰᴇ523
tshe51	ʦʰᴇ51
tshe523	ʦʰᴇ523
tshe[23]1	ʦʰᴇ23
tshe[52]1	ʦʰᴇ52
tshe[52]3	ʦʰᴇ52
tshe[52]30	ʦʰᴇ52
tshen	ʦʰən
tshen1	ʦʰən44
tshen3	ʦʰən51
tshen44	ʦʰən44
tshen5	ʦʰən523
tshen523	ʦʰən523
tshen5[23]2	ʦʰən23
tshen[52]1	ʦʰən52
tshen[52]3	ʦʰən52
tsheq	ʦʰəʔ
tsheq230	ʦʰəʔ23
tsheq2340	ʦʰəʔ234
tsheq40	ʦʰəʔ4
tsheq43	ʦʰəʔ43
tsheq44	ʦʰəʔ44
tsheq4440	ʦʰəʔ444
tsheq55bo52	?
tsheq7	ʦʰəʔ43
tsheq[43]	ʦʰəʔ43
tsheq[52]3	ʦʰəʔ52
tsheu	ʦʰøʏ
tsheu1	ʦʰøʏ44
tsheu23	ʦʰøʏ23
tsheu3	ʦʰøʏ51
tsheu440	ʦʰøʏ44
tsheu5	ʦʰøʏ523
tsheu5[51]0	ʦʰøʏ51
tshi	ʦʰi
tshi1	ʦʰi44
tshi23	ʦʰi23
tshi2340	ʦʰi234
tshi3	ʦʰi51
tshi40	ʦʰi4
tshi44	ʦʰi44
tshi44440	ʦʰi4444
tshi5	ʦʰi523
tshi5[523]	ʦʰi523
tshia	ʦʰiɑ
tshia1	ʦʰiɑ44
tshia3	ʦʰiɑ51
tshia5	ʦʰiɑ523
tshiah	ʦʰiɑʔ
tshiah43	ʦʰiɑʔ43
tshian	ʦʰiã
tshian1	ʦʰiã44
tshian23	ʦʰiã23
tshian230	ʦʰiã23
tshian3	ʦʰiã51
tshian5	ʦʰiã523
tshian523	ʦʰiã523
tshiaq	ʦʰiɑʔ
tshiaq23	ʦʰiɑʔ23
tshiaq7	ʦʰiɑʔ43
tshiaq[52]3	ʦʰiɑʔ52
tshiau	ʦʰiæ
tshiau1	ʦʰiæ44
tshiau44	ʦʰiæ44
tshiau440	ʦʰiæ44
tshiau5	ʦʰiæ523
tshiau523	ʦʰiæ523
tshiau[23]1	ʦʰiæ23
tshie	ʦʰiɪ
tshie1	ʦʰiɪ44
tshie23	ʦʰiɪ23
tshie2[51]	ʦʰiɪ51
tshie2[51]10	ʦʰiɪ51
tshie3	ʦʰiɪ51
tshie44	ʦʰiɪ44
tshie4[23]	ʦʰiɪ23
tshie5	ʦʰiɪ523
tshih	ʦʰiəʔ
tshin	ʦʰin
tshin1	ʦʰin44
tshin23	ʦʰin23
tshin2[51]	ʦʰin51
tshin3	ʦʰin51
tshin40	ʦʰin4
tshin440	ʦʰin44
tshin5	ʦʰin523
tshin51	ʦʰin51
tshin52	ʦʰin52
tshiq	ʦʰiəʔ
tshiq40	ʦʰiəʔ4
tshiq7	ʦʰiəʔ43
tshiq[23]	ʦʰiəʔ23
tshiq[43]	ʦʰiəʔ43
tsho	ʦʰo
tsho1	ʦʰo44
tsho230	ʦʰo23
tsho2[51]	ʦʰo51
tsho3	ʦʰo51
tsho40	ʦʰo4
tsho44	ʦʰo44
tsho440	ʦʰo44
tsho4440	ʦʰo444
tsho44440	ʦʰo4444
tsho4[23]	ʦʰo23
tsho5	ʦʰo523
tsho[52]3	ʦʰo52
tshoe	ʦʰø
tshoe1	ʦʰø44
tshoe3	ʦʰø51
tshoe40	ʦʰø4
tshoe44	ʦʰø44
tshoe4[23]0	ʦʰø23
tshoe5	ʦʰø523
tshoe523	ʦʰø523
tshoe[23]1	ʦʰø23
tshoe[23]110	ʦʰø23
tshoe[52]3	ʦʰø52
tshoh55bo52	?
tshon	ʦʰoŋ
tshon1	ʦʰoŋ44
tshon23	ʦʰoŋ23
tshon230	ʦʰoŋ23
tshon2[51]0	ʦʰoŋ51
tshon3	ʦʰoŋ51
tshon40	ʦʰoŋ4
tshon4420	ʦʰoŋ442
tshon4440	ʦʰoŋ444
tshon5	ʦʰoŋ523
tshon51	ʦʰoŋ51
tshon[52]1	ʦʰoŋ52
tshon[52]30	ʦʰoŋ52
tshoq	ʦʰoʔ
tshoq43	ʦʰoʔ43
tshoq7	ʦʰoʔ43
tshou	ʦʰəu
tshou1	ʦʰəu44
tshou40	ʦʰəu4
tshou44	ʦʰəu44
tshou5	ʦʰəu523
tshy	ʦʰɿ
tshy1	ʦʰɿ44
tshy23	ʦʰɿ23
tshy3	ʦʰɿ51
tshy4440	ʦʰɿ444
tshy5	ʦʰɿ523
tshy523	ʦʰɿ523
tshy5[51]0	ʦʰɿ51
tshy[52]3	ʦʰɿ52
tshyu	ʦʰʮ
tshyu1	ʦʰʮ44
tshyu230	ʦʰʮ23
tshyu3	ʦʰʮ51
tshyu5	ʦʰʮ523
tsi	ʦi
tsi1	ʦi44
tsi23	ʦi23
tsi3	ʦi51
tsi5	ʦi523
tsia	ʦiɑ
tsia1	ʦiɑ44
tsia2340	ʦiɑ234
tsia3	ʦiɑ51
tsia5	ʦiɑ523
tsia5[51]	ʦiɑ51
tsia[52]3	ʦiɑ52
tsia[52]30	ʦiɑ52
tsian	ʦiã
tsian1	ʦiã44
tsian23	ʦiã23
tsian230	ʦiã23
tsian2[51]0	ʦiã51
tsian3	ʦiã51
tsian44	ʦiã44
tsian4440	ʦiã444
tsian4[23]	ʦiã23
tsian5	ʦiã523
tsian51	ʦiã51
tsian[23]110	ʦiã23
tsiaq	ʦiɑʔ
tsiaq7	ʦiɑʔ43
tsiau	ʦiæ
tsiau1	ʦiæ44
tsiau23	ʦiæ23
tsiau5	ʦiæ523
tsiau[52]340	ʦiæ52
tsie	ʦiɪ
tsie1	ʦiɪ44
tsie23	ʦiɪ23
tsie2[51]	ʦiɪ51
tsie3	ʦiɪ51
tsie340	ʦiɪ34
tsie3420	ʦiɪ342
tsie44	ʦiɪ44
tsie4[23]	ʦiɪ23
tsie5	ʦiɪ523
tsie51	ʦiɪ51
tsie523	ʦiɪ523
tsie[52]3	ʦiɪ52
tsih	ʦiəʔ
tsin	ʦin
tsin1	ʦin44
tsin23	ʦin23
tsin230	ʦin23
tsin3	ʦin51
tsin5	ʦin523
tsin51	ʦin51
tsin523	ʦin523
tsiq	ʦiəʔ
tsiq23	ʦiəʔ23
tsiq230	ʦiəʔ23
tsiq440	ʦiəʔ44
tsiq7	ʦiəʔ43
tso	ʦo
tso1	ʦo44
tso230	ʦo23
tso44	ʦo44
tso440	ʦo44
tso5	ʦo523
tsoe	ʦø
tsoe1	ʦø44
tsoe23	ʦø23
tsoe3	ʦø51
tsoe40	ʦø4
tsoe44	ʦø44
tsoe4420	ʦø442
tsoe5	ʦø523
tsoe51	ʦø51
tsoh	ʦoʔ
tsoh43	ʦoʔ43
tson	ʦoŋ
tson1	ʦoŋ44
tson23	ʦoŋ23
tson230	ʦoŋ23
tson2[51]10	ʦoŋ51
tson3	ʦoŋ51
tson40	ʦoŋ4
tson44	ʦoŋ44
tson4[23]40	ʦoŋ23
tson5	ʦoŋ523
tson51	ʦoŋ51
tson523	ʦoŋ523
tson[52]10	ʦoŋ52
tson[52]3	ʦoŋ52
tson[52]340	ʦoŋ52
tsoq	ʦoʔ
tsoq23	ʦoʔ23
tsoq230	ʦoʔ23
tsoq40	ʦoʔ4
tsoq43	ʦoʔ43
tsoq4[23]0	ʦoʔ23
tsoq7	ʦoʔ43
tsoq[43]	ʦoʔ43
tsoq[52]3	ʦoʔ52
tsou	ʦəu
tsou1	ʦəu44
tsou23	ʦəu23
tsou2340	ʦəu234
tsou3	ʦəu51
tsou4[51]1	ʦəu51
tsou5	ʦəu523
tsou51	ʦəu51
tsou52	ʦəu52
tsou[52]1	ʦəu52
tsy	ʦɿ
tsy1	ʦɿ44
tsy23	ʦɿ23
tsy230	ʦɿ23
tsy2340	ʦɿ234
tsy23420	ʦɿ2342
tsy23440	ʦɿ2344
tsy2[51]	ʦɿ51
tsy2[51]0	ʦɿ51
tsy3	ʦɿ51
tsy340	ʦɿ34
tsy40	ʦɿ4
tsy44	ʦɿ44
tsy440	ʦɿ44
tsy4440	ʦɿ444
tsy4[23]0	ʦɿ23
tsy4[23]40	ʦɿ23
tsy5	ʦɿ523
tsy51	ʦɿ51
tsy5[51]	ʦɿ51
tsy5[52]1	ʦɿ52
tsy5[52]3	ʦɿ52
tsy[23]1	ʦɿ23
tsy[23]110	ʦɿ23
tsy[523]0	ʦɿ523
tsy[52]3	ʦɿ52
tsy[52]30	ʦɿ52
tsy[52]340	ʦɿ52
tsy[52]3420	ʦɿ52
tsyu	ʦʮ
tsyu1	ʦʮ44
tsyu23	ʦʮ23
tsyu230	ʦʮ23
tsyu2340	ʦʮ234
tsyu2[51]10	ʦʮ51
tsyu3	ʦʮ51
tsyu340	ʦʮ34
tsyu40	ʦʮ4
tsyu44	ʦʮ44
tsyu440	ʦʮ44
tsyu4440	ʦʮ444
tsyu4[23]	ʦʮ23
tsyu4[23]40	ʦʮ23
tsyu5	ʦʮ523
tsyu51	ʦʮ51
tsyu523	ʦʮ523
tsyu[23]10	ʦʮ23
tsyu[52]3	ʦʮ52
tsyu[52]30	ʦʮ52
tue	tuᴇ
ty23	tɿ23
ua	uɑ
ua1	uɑ44
ua5	uɑ523
ua523	uɑ523
ua7	uɑ43
uaeq	uaʔ
uaeq7	uaʔ43
uan	uã
uan1	uã44
uaon	uɑ̃
uaon1	uɑ̃44
uaon3	uɑ̃51
uaon5	uɑ̃523
ue	uᴇ
ue1	uᴇ44
ue3	uᴇ51
ue40	uᴇ4
ue44	uᴇ44
ue440	uᴇ44
ue5	uᴇ523
ue51	uᴇ51
ue[52]3	uᴇ52
ue[52]30	uᴇ52
uen	uən
uen1	uən44
uen3	uən51
uen5	uən523
ueq	uəʔ
ueq7	uəʔ43
uoe	uø
uoe23	uø23
uoe230	uø23
uoe3	uø51
uoe440	uø44
uoe5	uø523
uoe51	uø51
uoe[52]30	uø52
vaeq	vaʔ
vaeq23	vaʔ23
vaeq8	vaʔ23
vaon	vɑ̃
vaon2	vɑ̃223
vaon223	vɑ̃223
vaon23	vɑ̃23
vaon40	vɑ̃4
vaon6	vɑ̃231
ve	vᴇ
ve2	vᴇ223
ve223	vᴇ223
ve230	vᴇ23
ve231	vᴇ231
ve40	vᴇ4
ve4420	vᴇ442
ve5[523]	vᴇ523
ve6	vᴇ231
ve[23]1	vᴇ23
ve[52]1	vᴇ52
ve[52]30	vᴇ52
ven	vən
ven2	vən223
ven223	vən223
ven6	vən231
ven[52]3	vən52
veq	vəʔ
veq23	vəʔ23
veq8	vəʔ23
veu	vøʏ
veu2	vøʏ223
veu6	vøʏ231
vi	vi
vi2	vi223
vi6	vi231
von	voŋ
von2	voŋ223
von231	voŋ231
von6	voŋ231
voq	voʔ
voq23	voʔ23
voq8	voʔ23
vu	vu
vu2	vu223
vu23	vu23
vu230	vu23
vu231	vu231
vu40	vu4
vu440	vu44
vu4440	vu444
vu6	vu231
vu[23]1	vu23
wa	ɦuɑ
wa2	ɦuɑ223
wa6	ɦuɑ231
waeq	ɦuaʔ
waeq4440	ɦuaʔ444
waeq8	ɦuaʔ23
wan	ɦuã
wan2	ɦuã223
wan23	ɦuã23
wan6	ɦuã231
waon	ɦuɑ̃
waon2	ɦuɑ̃223
waon230	ɦuɑ̃23
waon40	ɦuɑ̃4
waon440	ɦuɑ̃44
waon6	ɦuɑ̃231
waon[52]3	ɦuɑ̃52
waon[52]30	ɦuɑ̃52
waq44	ɦuɑʔ44
we	ɦuᴇ
we2	ɦuᴇ223
we223	ɦuᴇ223
we23	ɦuᴇ23
we230	ɦuᴇ23
we231	ɦuᴇ231
we40	ɦuᴇ4
we4[23]	ɦuᴇ23
we5[23]0	ɦuᴇ23
we6	ɦuᴇ231
we[52]30	ɦuᴇ52
wen	ɦuən
wen2	ɦuən223
wen2[51]10	ɦuən51
wen440	ɦuən44
wen6	ɦuən231
weq	ɦuəʔ
weq230	ɦuəʔ23
weq2340	ɦuəʔ234
weq40	ɦuəʔ4
weq440	ɦuəʔ44
weq4[23]0	ɦuəʔ23
weq8	ɦuəʔ23
weq[43]	ɦuəʔ43
wn	?
woe	ɦuø
woe2	ɦuø223
woe6	ɦuø231
wu6	ɦuu231
ya	ɦiɑ
ya2	ɦiɑ223
ya223	ɦiɑ223
ya23	ɦiɑ23
ya40	ɦiɑ4
ya440	ɦiɑ44
ya4440	ɦiɑ444
ya6	ɦiɑ231
ya8	ɦiɑ23
ya[52]30	ɦiɑ52
yaeq	ɦiaʔ
yaeq8	ɦiaʔ23
yah	ɦiɑʔ
yan	ɦiã
yan2	ɦiã223
yan223	ɦiã223
yan23	ɦiã23
yan230	ɦiã23
yan231	ɦiã231
yan2340	ɦiã234
yan40	ɦiã4
yan4[23]	ɦiã23
yan5[52]23	ɦiã52
yan6	ɦiã231
yan[52]30	ɦiã52
yaon	ɦiɑ̃
yaon231	ɦiɑ̃231
yaon4440	ɦiɑ̃444
yaon6	ɦiɑ̃231
yaq	ɦiɑʔ
yaq40	ɦiɑʔ4
yaq8	ɦiɑʔ23
yaq[23]	ɦiɑʔ23
yau	ɦiæ
yau2	ɦiæ223
yau6	ɦiæ231
ye	ɦiɪ
ye2	ɦiɪ223
ye223	ɦiɪ223
ye23	ɦiɪ23
ye230	ɦiɪ23
ye2[51]	ɦiɪ51
ye40	ɦiɪ4
ye6	ɦiɪ231
ye[23]1	ɦiɪ23
yeu	ɦiʏ
yeu2	ɦiʏ223
yeu223	ɦiʏ223
yeu23	ɦiʏ23
yeu231	ɦiʏ231
yeu3	ɦiʏ51
yeu40	ɦiʏ4
yeu440	ɦiʏ44
yeu6	ɦiʏ231
yeu[52]30	ɦiʏ52
yh	ɦiəʔ
yi	ɦi
yi2	ɦi223
yi23	ɦi23
yi4[23]	ɦi23
yi6	ɦi231
yie	ɦiɪ
yih23	ɦiəʔ23
yin	ɦin
yin2	ɦin223
yin2340	ɦin234
yin40	ɦin4
yin4[23]0	ɦin23
yin4[23]40	ɦin23
yin6	ɦin231
yin[23]1	ɦin23
yin[52]30	ɦin52
yiq	ɦiəʔ
yiq23	ɦiəʔ23
yiq40	ɦiəʔ4
yiq44	ɦiəʔ44
yiq8	ɦiəʔ23
yiq[52]3	ɦiəʔ52
yiuq8	ɦyəʔ23
yn	ɦin
yo231	ɦio231
yoe	ɦiø
yoe2	ɦiø223
yoe2[51]	ɦiø51
yoe40	ɦiø4
yoe6	ɦiø231
yoe[52]32	ɦiø52
yoh	ɦioʔ
yon	ɦioŋ
yon2	ɦioŋ223
yon223	ɦioŋ223
yon230	ɦioŋ23
yon231	ɦioŋ231
yon2[51]	ɦioŋ51
yon6	ɦioŋ231
yoq	ɦioʔ
yoq23	ɦioʔ23
yoq44	ɦioʔ44
yoq4[23]0	ɦioʔ23
yoq8	ɦioʔ23
yu	ɦy
yu2	ɦy223
yu23	ɦy23
yu231	ɦy231
yu40	ɦy4
yu4[23]0	ɦy23
yu4[23]40	ɦy23
yu6	ɦy231
yu[52]3	ɦy52
yue	ɦiuᴇ
yuh23	?
yuiq	ɦiuiəʔ
yun	ɦyn
yun2	ɦyn223
yun223	ɦyn223
yun440	ɦyn44
yun6	ɦyn231
yuq	ɦyəʔ
yuq8	ɦyəʔ23
za	zɑ
za2	zɑ223
za223	zɑ223
za23	zɑ23
za230	zɑ23
za231	zɑ231
za2[51]	zɑ51
za340	zɑ34
za6	zɑ231
zaeq	zaʔ
zaeq23	zaʔ23
zaeq24	zaʔ24
zaeq8	zaʔ23
zah	zɑʔ
zain	?
zan	zã
zan2	zã223
zan223	zã223
zan23	zã23
zan2[51]	zã51
zan40	zã4
zan440	zã44
zan5[51]	zã51
zan6	zã231
zan[52]3	zã52
zan[52]30	zã52
zaon	zɑ̃
zaon2	zɑ̃223
zaon2223	zɑ̃2223
zaon223	zɑ̃223
zaon23	zɑ̃23
zaon230	zɑ̃23
zaon231	zɑ̃231
zaon2340	zɑ̃234
zaon40	zɑ̃4
zaon440	zɑ̃44
zaon4[23]0	zɑ̃23
zaon6	zɑ̃231
zaon[52]3	zɑ̃52
zaq	zɑʔ
zaq23	zɑʔ23
zaq34	zɑʔ34
zaq40	zɑʔ4
zaq440	zɑʔ44
zaq4440	zɑʔ444
zaq5[52]3	zɑʔ52
zaq8	zɑʔ23
zaq[23]	zɑʔ23
zau	zæ
zau2	zæ223
zau223	zæ223
zau23	zæ23
zau231	zæ231
zau40	zæ4
zau440	zæ44
zau6	zæ231
zau[52]30	zæ52
ze	zᴇ
ze2	zᴇ223
ze223	zᴇ223
ze23	zᴇ23
ze231	zᴇ231
ze40	zᴇ4
ze5[51]	zᴇ51
ze6	zᴇ231
zeh	zəʔ
zen	zən
zen2	zən223
zen223	zən223
zen23	zən23
zen230	zən23
zen40	zən4
zen440	zən44
zen6	zən231
zen[52]3	zən52
zeq	zəʔ
zeq23	zəʔ23
zeq34	zəʔ34
zeq340	zəʔ34
zeq3420	zəʔ342
zeq40	zəʔ4
zeq44	zəʔ44
zeq440	zəʔ44
zeq4440	zəʔ444
zeq5[52]3	zəʔ52
zeq8	zəʔ23
zeq[52]3	zəʔ52
zeq[52]340	zəʔ52
zeu	zøʏ
zeu2	zøʏ223
zeu223	zøʏ223
zeu231	zøʏ231
zeu6	zøʏ231
zeu[23]1	zøʏ23
zeu[23]110	zøʏ23
zi	zi
zi2	zi223
zi231	zi231
zi40	zi4
zi4440	zi444
zi6	zi231
zi[23]1	zi23
zia	ziɑ
zia2	ziɑ223
zia4440	ziɑ444
zia6	ziɑ231
zia[23]1	ziɑ23
zia[52]1	ziɑ52
zian	ziã
zian2	ziã223
zian23	ziã23
zian230	ziã23
zian2[51]	ziã51
zian40	ziã4
zian4[523]	ziã523
zian6	ziã231
ziaq	ziɑʔ
ziaq8	ziɑʔ23
ziau	ziæ
ziau2	ziæ223
ziau6	ziæ231
zie	ziɪ
zie2	ziɪ223
zie223	ziɪ223
zie23	ziɪ23
zie230	ziɪ23
zie40	ziɪ4
zie6	ziɪ231
zih	ziəʔ
zih23	ziəʔ23
zin	zin
zin2	zin223
zin223	zin223
zin23	zin23
zin231	zin231
zin40	zin4
zin5[51]	zin51
zin6	zin231
ziq	ziəʔ
ziq2[51]	ziəʔ51
ziq8	ziəʔ23
ziq[23]	ziəʔ23
ziq[52]3	ziəʔ52
zo	zo
zo2	zo223
zo223	zo223
zo23	zo23
zo230	zo23
zo440	zo44
zo6	zo231
zo[52]3	zo52
zoe	zø
zoe2	zø223
zoe223	zø223
zoe23	zø23
zoe230	zø23
zoe231	zø231
zoe2340	zø234
zoe440	zø44
zoe4[23]	zø23
zoe5[23]2	zø23
zoe5[51]	zø51
zoe6	zø231
zoe[52]30	zø52
zoh	zoʔ
zoh23	zoʔ23
zon	zoŋ
zon2	zoŋ223
zon223	zoŋ223
zon23	zoŋ23
zon230	zoŋ23
zon4[23]0	zoŋ23
zon6	zoŋ231
zoq	zoʔ
zoq23	zoʔ23
zoq34	zoʔ34
zoq44	zoʔ44
zoq8	zoʔ23
zoq[23]	zoʔ23
zou	zəu
zou2	zəu223
zou230	zəu23
zou2340	zəu234
zou6	zəu231
zu	zu
zy	zɿ
zy2	zɿ223
zy23	zɿ23
zy230	zɿ23
zy231	zɿ231
zy2349	zɿ2349
zy2[51]	zɿ51
zy2[51]110	zɿ51
zy2[523]	zɿ523
zy40	zɿ4
zy44420	zɿ4442
zy4[23]	zɿ23
zy4[23]0	zɿ23
zy4[52]10	zɿ52
zy5[523]	zɿ523
zy5[52]	zɿ52
zy6	zɿ231
zy[23]1	zɿ23
zy[23]10	zɿ23
zyu	zʮ
zyu2	zʮ223
zyu223	zʮ223
zyu23	zʮ23
zyu230	zʮ23
zyu231	zʮ231
zyu40	zʮ4
zyu440	zʮ44
zyu4[23]	zʮ23
zyu5[51]	zʮ51
zyu5[523]	zʮ523
zyu6	zʮ231
zyu[52]1	zʮ52
